clean_text,sentiment
pembayaran harian yang praktis ada pexx card yang bisa kamu pakai untuk membayar layanan transportasi online seperti gojek atau grab hingga berbelanja di ecommerce seperti tokopedia dan shopee nggak perlu repot topup banyak aplikasi cukup satu kartu untuk semua,negative
aplikasi online yg ada fitur mobil pick up nya apa ya yg mobil bak kebuka itu soalnya di gojek rasanya bukan pick up,neutral
aku lagi survey data tentang seberapa sering kita pakai aplikasi kayak gojek grab maxim sama shopee food tenang aja surveinya super singkat cuma pertanyaan makasih ya buat yang udah mau nyempetin waktu youre the best,negative
bukan ide baru bahkan lahirnya gojek juga awalnya krn ada aplikasi semacam ini terbukti gabisa jd solusi transum tetep jawaban,positive
pesan taksi listrik green sm kini bisa via aplikasi gojek,neutral
perluas akses layanan taksi listrik green sm kini bisa dipesan via aplikasi gojek thephraseid greensm gojek taksilistrik ev bev electricvehicle mobillistrik otomotif,neutral
gw pake google maps mau ke samsat barat muter semanggi x nyerah dpn hotel bilangan kuningan gw samperin gojek yg baru nurunin penumpang minta anter bayar sesuai aplikasi masukin kode id order yg dikasih mamangnya eh dibawa masuk jalur busway amp gabisa nolak ‍️,neutral
ada ga yg bisa cairin gopaylater via gofood atau apapun itu di aplikasi gojek zonauang,neutral
gojek aja jarang ada yg mau ngambil dari aplikasi kak rata pada nembak gocar juga pasti gituu apalagi kalo macet biasanya pada males ngambil,positive
surabaya emang murce nder gojekgrabnya asal gak yang naik tanpa aplikasi ditembak entar korban k,positive
aplikasi gojek sama spotify kalo bisa jangan disatuin di slide yg sama selalu sukses bikin keder,neutral
cara atasi kendala top up pulsa tri cek saldo rekening amp pastikan cukup restart hp coba top up ulang coba top up di aplikasi berbeda misal gojek dana atau shopee hubungi cs melalui wa semoga berhasil,neutral
green sm dan gojek berkolaborasi dalam penyediaan layanan green sm di aplikasi gojek,neutral
semoga penyakit suka mindahin titik sendiri ke tempat yg jauh padahal gua masih di tempat yg sama ky pesenan sebelomnya yg diderita aplikasi gojek cpt sembuh anjg,negative
selamat siang apabila yang dimaksud etoll emoney terbitan bank mandiri kartu tersebut dapat digunakan untuk perjalanan commuter line prameks untuk pembelian qr tiket di aplikasi gojek pada fitur gotransit belum dapat ditentukan masuk kuota tiket pembelian qr tiket bisa,neutral
green sm penyedia layanan armada persen taksi listrik resmi berkolaborasi dengan gojek dalam menghadirkan layanan gogreen sm yang kini tersedia di aplikasi gojek ta greensm gojek,neutral
belinya lewat apa aplikasi mereka atau gojekovoshopeepay atau mbanking kemaren ngisi lewat mbanking mandiri dan bca gak ada masalah,neutral
aplikasi gojek nder,neutral
selamat malam kak qris tap saat ini belum bisa digunakan sebagai tiket commuter line ya kak alternatif bisa unduh aplikasi caccesaccess by kaigojek gotransit untuk pembelian tiket via scan qr code ya kak tks,neutral
seharusnya rp keterangannya knp harus beda jumlah saldo di aplikasi gopay sama gojek kalau sudah di transfer ke gopay tabungan saya lihat ini juga terjadi dibeberapa customer yg baru pertama kali buat gopay tabungan seperti halnya yg terjadi di saya ada yg sampai jutaan juga,positive
tapi saya lihat di akun lain seharusnya rp di gopay saldo terus knp keterangan saldo di aplikasi gopay sama gojek bisa beda,neutral
buat kalian kalau mau beli beras beli d gomart aja aplikasi gojek belinya tiap harus sabtu harganya sktar rb dan free ongkir,neutral
memang aplikasi gojek ini penyelamat di segala kondisi bisa apa gue tanpa abang gojek love gojek️️,negative
deadline mepet hujan deras motor gak bisa dipake langsung aja buka aplikasi gojek order goride bayar pake gopay jangan lupa pakai promo pastiadajalan biar makin hemat pastiadajalan,negative
pov semua promo kyak muncul disaat yg paling dibutuhkan tiap buka aplikasi gojek gsksmg pastiadajalan gojek,neutral
gw baru tau klo gojek di aplikasi drivernya akun gw ada notesnya pelanggan ini titik penjemputan tidak selalu tepat harap menghubungi kembali kek gw ngerasa dih apebuedh,positive
enggak dia instal aplikasi grabgojek dll trs pesen dari titik a ke titik b ntar di situ ada titik ijo letak driver terdekat tinggal d liat aja d map nya ada dimana tuh driver tp y random,neutral
gojek mau berubah jadi aplikasi fintech wkwkw,neutral
bisa ini itu dengan gojek bisa banget dapet hadiah jutaan dari gojek dengan redeem kode pastiadajalan di aplikasi gojek klaim kore unikmu dan menangkan banyak hadiahnya‼️ gskpwt ngampushematbarenggojek gojeksahabatkampus,neutral
mau diskon gede buat goride kedari stasiun pake aja kode promo gostasiun goinf pas transaksi di aplikasi gojek kamu langsung berasa hematnya buruan sikat gostasiun goinf gskpwt ngampushematbarenggojek gojeksahabatkampus yogyakarta,negative
selamat malam kak apabila belum melakukan tap out dengan aplikasi gojek untuk perjalanan esok hari maka bisa dilakukan ya apabila terdapat kendala silakan bisa menghubungi petugas di stasiun keberangkatan tks,neutral
haahh kapan lagi setiap pake aplikasi gojek bakal dapet hadiah menarik jangan lupa dipake guys kode promo pastiadajalan yaa temen temen siapa tau kalian bakal dapetin hadiah hadiah menariknya gsksmg,negative
haahh kapan lagi setiap pake aplikasi gojek bakal dapet hadiah menarik jangan lupa dipake guys kode promo pastiadajalan yaa temen temen siapa tau kalian bakal dapetin hadiah hadiah menariknya gsksmg,negative
saya mau tanya ini kenapa bisa terjadi ya saya pesan gofood dan titik pengantaranalamat sudah sesuai tapi titiknya malah berbeda jauh dengan yang di drivernya jadinya malah harus shareloc di luar aplikasi gojek ini buat gak nyaman antara cust amp driver,positive
mau dapet hadiah jutaan rupiah cuma dari pakai gojek yep kamu nggak salah baca pastiadajalan buat menang asal kamu gercep buruan cek di aplikasi gojek sekarang ngampushematbarenggojek promogojek gskpwt gojeksahabatkampus,neutral
klo gitu ama aja omnapa lo ngojek pake gojek bukan pake maximlo bikin kaya yg punya gojekcoba lo gx pake aplikasi gojekbakalan tutup tu gojeksama gx kirax om narasinya,positive
cara apply code voucher buka aplikasi gojek dan pilih promo ⁠pilih masukan kode promo ⁠masukan kode gofps dan validasi kodenya kalau udh redeem kode gofps nya kamu bisa masukin promo pastiadajalan,neutral
hallo gyuss aku salah satu pengguna gojek hemat yang pastinya memudahkan dalm kegiatan seharihari yukk kalian juga cobain promonya di aplikasi gojek gsksemarang gojek zona jajan goride,negative
kalo login gojek kan dapet otp nah otp nya dimasukan ke aplikasi tapi karena ini fake otp itu masuk ke telegram scammer dia nge loop berkali kali agar scammer pusing bangak otp palsu,positive
hampir saja tangan ini menyentuh aplikasi gojek tahan tahan,positive
heeeehhhh cucu gundik emang hp maneh te boga aplikasi ojolkah grab gojek indriver maxim uber anjiirrrrr boa cicing d leweng sugan,positive
cara apply code voucher buka aplikasi gojek dan pilih promo ⁠pilih masukan kode promo ⁠masukan kode gofps dan validasi kodenya kalau udh redeem kode gofps nya kamu bisa masukin promo pastiadajalan gampang banget kan ayo cepetan apply kode nya,neutral
sumpah trmen trmen maaf tbtb balik ini ada paket salah kirim ke rumahku sumpah paket nya dikirim pake gojek aku terima trs aku bayar soalnya kirain gofood aku yg lagi di jalan jg aku liat aplikasi abang abangnya udh di deket rumah juga aku kaget kok pas dibuka isinya bkn,positive
mau hemat ngapain aja ayo pake gojekplus buat dapetin banyak promo buka aplikasi gojek pake m kode referal goecopick untuk diskon spesial yang bikin kantong kamu tetap aman pastiadajaln gojek goridehemat gsk gojeksahabatkampus,neutral
top most annoying ads while playing mobile games traveloka grabgojek harus dipencet min buat nutup salah pencet dikit langsung pindah aplikasi adakami auto instal sendiri aplikasinya so annoying,neutral
selamat pagi kak untuk pembelian tiket perjalanan commuter line via aplikasi gojek diwajibkan untuk scan in dan out sesuai dengan stasiun yang tertera pada tiket untuk perjalanan yang kakak lakukan silakan dapat menemui petugas passenger service di stasiun akhir tujuannya untuk,neutral
di terminal ada shelter grab atau gojek kok lokasinya di sebelah pom bensin pas tarifnya sesuai aplikasi amp kalau minta dijemput bisa req disitu,neutral
voucher promo pakai goride diskon restock terbatas gopvtnxuf gorideaja wajib redeem sebelum kehabisan redeem di aplikasi gojek atau bisa langsung klik link,neutral
jika lupa klaim voucher gorideaja coba hubungi customer support gojek lewat aplikasi buka menu utama pilih help center lalu vouchers and promotion dan laporkan my voucher is missing bisa juga coba kontak via media sosial resmi gojek tapi cek dulu akun resminya tidak ada,neutral
lagunya perunggu tuh sgt related bgt buat anak rantau yang suka homesick lagu ini tuh jadi motivasi buat mimin buat ngejalanin apa yang mimin sudah mulai mimin jadi semangat buat ikutan campaign kode pastiadajalan di aplikasi gojek gsksmg gojekhemat,negative
gak peduli seberapa macet hujan atau sibuk harimu pastiadajalan bareng gojek semua ada solusinya mau makan kirim barang sampai cari ojek satu aplikasi jutaan kemudahan,negative
untukku bank jago aku pakai gojek app dan udh otomatis konek ke bank jago walau aku ga punya aplikasi dan bukan nasabah selain itu aku pake bibit yg konek ke gojek kalau seabank kena iming dari temen aku yg katanya bunga cair tiap hari aku pengen tau ± lainnya apa,neutral
dips tiap hari pesen gofood goride sampe gosend langganan gojek plus diskon melimpah dompet aman buka aplikasi pesen apa aja hemat terus bikin hidup gampang,negative
tiap hari pesen gofood goride sampe gosend langganan gojek plus juga dongg diskon melimpah dompet aman buka aplikasi pesen apa aja hemat terus bikin hidup lebih gampang gsksmg,negative
ini konten aja kan soalnya masnya nelpon pakai wa kalo aplikasi gojek g kyk gt,neutral
naik gojek gak harus mahal pakai gojekhemat dapetin diskon tiap hari mulai dari rpan aja tetep nyaman tetep aman tetep irit ️ cek promonya di aplikasi sekarang gojekhemat pastiadajalan,negative
semua urusan harian gojek solusinya pakai kode gojekhemat di aplikasi gojek buat nikmatin diskon spesial di tiap layanan masukkan juga kode referral goecopick jangan sampai ketinggalan promonya pastiadajalan gsk gojeksahabatkampus,neutral
pakai kode promo pastiadajalan di aplikasi gojek untuk berbagai layanan dari transportasi sampai kirim barang masukkan kode referral goecopick agar kamu dapat bonus menarik dan aku ikut terbantu pastiadajalan gsk gojeksahabatkampus,negative
hello min usul tolong gofood dilengkapi fitur share loc seperti gosend amp gojek sering jg kami order makan utk org lainkeluarga amp g bisa terus pantau aplikasi utk cek posisinya dmn amp harus kabari penerima dgn share loc penerima bisa cek sendiri ty,neutral
dari pada langganan aplikasi yang jarang kamu pake mending langganan gojek plus disana kamu bakal dapetin berbagai diskon disetiap transaksinya ga bakal rugi deh auto happy teruss gsksolo gojekplus,negative
mau cepat aman dan tanpa ribet pakegojek aja dari antar makanan sampai kirim paket semua beres dalam satu aplikasi gojek pastiadajalan,negative
lu bayangin gw mantengin aplikasi grab gojek hampir menit udah dicancel driver car mereka lebih dari x kondisi jalan gak macet samsek mereka cm ga mau muter balik doang padahal gw bayar loh gua ngabisin menit gua buat nunggu driver nerima orderan gw doang,positive
lah aplikasi gojek aja coding nye boleh nyontek dr si grab punya kalo lo mau tau dia beli coding nya si grab dan cuma ganti bbrp fitur doank,neutral
halo admin kenapa saya mau beli token di aplikasi gojek selalu gagal,positive
lagi ngerasa stuck wajar hidup nggak selalu mulus tapi tenang pastiadajalan gojek siap nemenin setiap langkahmu gunakan kode promo pastiadajalan dapetin diskon spesial buat goride gofood dan gosend yuk buka aplikasi gojek sekarang gsksmg,neutral
tadi pas mau cari makan malam kok malas banget ya cari makanan di luar untung aja tadi nemu kode promo pastiadajalan di gojek pas bangett kondisinya ayukk guysss bisa masukkin kodenya di aplikasi gojek gsksmg,neutral
jujur gue badmood banget kalo iklan gojek di gue soalnya ga keitung langsung lari ke aplikasi nya jadi ke refresh bisa ga sih jangan buat gue nangis gegara vote,positive
gojek aplikasi layanan transportasi ️ gojeg bahasa jawa yang berarti bercanda dua kata ini bunyinya mirip tapi artinya beda jauh jadi kalau naik gojek jangan kebanyakan gojeg biar abangnya tetap fokus ke jalan,negative
baru tau kalo ada aplikasi kupon begini tapi cuma bisa makan ditempat kirain bisa order pake gojek,neutral
kan udah ready tupatnya tinggal masuk aplikasi gojek klik go send gampang kan,neutral
tadi dapet abang gojek tuna rungu beliau info by chat dan terpampang namanya di aplikasi luckily msh inget bahasa isyarat hasil dari jd relawan apg terus abang nya kayak senyumnya lebar gt huaa,negative
masih ada total gr emas buat kamu‼️ ini kesempatan kamu buat tebak dan menangin hadiahnya cek pestakulinergofood di aplikasi gojek untuk tau jawabannya,neutral
cashback untuk ganti suku cadang di planet ban cashback untuk ganti ban di planet ban gratis isi nitrogen ayo serbu promonya di halaman swadaya pada aplikasi gojek driver gojekswadaya salamsatuaspal hematdenganswadaya promoplanetban banpresaplaneto,neutral
ngebid bebas cemas dengan perlindungan dari bpjs ketenagakerjaan banyak manfaatnya cek aplikasi gojek driver klik banner bpjstk dan daftar sekarang juga promo terbatas gojekswadaya promobpjstk salamsatuaspal hematdenganswadaya,negative
voucher promo goride terbaru spesial liburan idul adha amp timnas day goindonesia gopvtnxuf yuklibur wajib redeem sebelum kehabisan redeem di aplikasi gojek atau bisa langsung klik link,neutral
oy apaan gojek minta duit di luar aplikasi,positive
voucher promo gojek terbaru spesial liburan idul adha restock gopvtnxuf yuklibur wajib redeem sebelum kehabisan redeem di aplikasi gojek atau bisa langsung klik link,neutral
berdasarkan keluhan di x pengguna gopay di indonesia sering melaporkan error aplikasi seperti transaksi gagal dan crash saat digunakan di app gojek banyak juga yang kesulitan menghubungi layanan pelanggan dengan laporan cs tidak responsif selain itu ada masalah akses,positive
aplikasi gojek udeh ga ada di apps store ya,positive
aplikasi gojek knpa siii,positive
aplikasi gojek tolol bgt eror terus,positive
kebijakan goblok karena ga ada pilihan lain untuk orang harusnya ada pilihan di mana bisa ga pake gambling itu maksud gua aturan itu udah gua baca dan ga ada pilihan non elektrik di aplikasi grab gua mo gojek ubah bodo amat yang penting mereka ada,positive
mau bayar pake gopay kok ga bisa youve linked with this number before ga ke aplikasi gojek nya mau bayar ga bisa,neutral
bingung mau pulang tapi duitnya paspasan mama dirumah udah kangen banget tapi kamu gabisa pulang goride solusinya masukin kode promo gostasiun atau kode goecofair di aplikasi gojek langsung bisa pulang pergi ke rumah tanpa mikir duit habis gsksolo,neutral
mau ikut irit juga daftar dulu pake kode gokihmsi terus subscribe gojek plus langsung di aplikasi,neutral
jujur ya pengen ngelaporin gojek yg motornya ga sesuai di aplikasi pesen yg xl datengnya yg mini mini sebenernya kasihan si tp dengan perjalanan jauh dan pantatku yg gede ini sungguh tidak nyaman,positive
kapan lagi pake aplikasi gojek bakal dapetin hadiah menarik semakin sering pake pastiadajalan semakin besar peluang menangnya jangan sampe ketinggalan yaa temanteman gsksmg,negative
dapet penumpang ibu ibu marah sama gwe mas saya panggilin juga di sebrang dari tadi gue dengan lantam bu saya jemput sesuai titik yang ibu taro yang kedua gausah dipanggil bu saya di dalem mobil kedap suaranya di aplikasi gojek ada fitur chat,positive
haahh kapan lagi setiap pake aplikasi gojek bakal dapet hadiah menarik jangan lupa dipake guys kode promo pastiadajalan yaa temen temen siapa tau kalian salah satu yang bakal dapetin hadiah hadiah menariknya gsksmg,negative
naik gojek kok motornya beda sama yg di aplikasi kutanya katanya habis ilang pas lagi nunggu antrian go food ya allah orang ini kok tega banget ya,positive
kenapa ya kalo gue lagi jadwalnya ke toko pasti yang belanja minta pesenin grabgojek berguna sekali nih aplikasi di hp gue akwoowkwom,neutral
priti kau nggak tau kah ada aplikasi namanya gojek naik gojek aja kau ngapain minta nebeng sama harry mau kupesankan biar bisa pulang langsung,positive
lha biasane ketok staff e ojol disana jg kok grab gojek gt kdg nawarin promo aplikasi ke penumpang,positive
ada yg pernah pengalaman gini gk gue gk pernah pinjol punya aplikasi nya aja engga tiba di chat gini pas gue tanya dia bilang dari gojek gue bingung njir tapi bukti ktp sama foto ada ktp gue pernah ilang tahun lalu yg sekarang itu ktp baru bisa dipake emang,positive
lihat dong dilapangan jangan hanya duduk manis dikantor ngk kebayang tiba aplikasi gojek dan grab gangguan aplikasi seminggu bisa krismon,positive
guys klen klo dapet voc gojek apa gocar yg smpe cmn bayar under k tuh pas bayarnya cash sesuai aplikasi ato dibuletin k soalnya aku pernah dpt diskon cmn bayar k doang tp ak sungkan jirr dan waktu itu gopayku gada saldooo plsss masukannya,neutral
aplikasi ijo itu grab ya apa gojek,neutral
udah banyak kok ini tinggal ketik di wa mas tolong bikinkan aplikasi kayak travelokagojek,neutral
awalnya itu berdiri sebagai aplikasi karya anak bangsa yg utamanya membantu anak bangsa utk berkarya dng menjadi mitra mobile yg menjelajahi area yg luas hingga ojek konvensional pun perlahan tergerus tapi sekarang driveraja ceritaojol gojek,positive
dapet rb sekali atau bbrp kali habis itu apa ini ga nylesein akar masalah masalahnya adalah iklim ekonomi yg ga sehat dan pengusaha yg ga teregulasi bayangin seorang gojek dipotong penghasilannya oleh aplikasi pemerintah gaada solusi,positive
aku samsung sudah gak bisa bang lemot ampun kamera menurun cuma bisa whatsapp amp youtube itu pun nge lag mau download aplikasi macam shopee gojek gabisa karna ram nya kecil jaman sekrng paling gak kudu up hp tiap tahun apalagi aplikasi makin kesini makin besar,negative
kalo gitu malah gada bedanya dari opang saya banyak bicara dengan para mitra dari gojek dan grab memang potongan aplikasi gt kalau begitu customer tetap punya kewajiban ngasih lebih,positive
aplikasi yang harus diinstall sebelum pergi gojek grab maxim,neutral
mau bikin aplikasi gojek gofood dan goride exclude payment oke gw siapin server database domain api hingga aplikasi mobile cross platform setup google maps api website customer dan backoffice pokoknya terima beres satu hari jadi wow secepat itu memang secepat itu,negative
tibatiba logout sendiri dari aplikasi gojek dan gak bisa login karena technical issue ada yang mengalami juga gaaak,positive
ga bisa kak ini aku hari ga bisa samsek yaaa emang jgn bergantung ke satu pemasukan aja makanya skrg byk driver yg join minimal aplikasi misal shope sama gojek gitu,neutral
selamat pagi kak perjalanan krl bisa langsung menggunakan kmt kartu multi trip kartu uang elektronik bank emoney brizzi tapcash flazz atau aplikasi gojek pada menu gotransit ya kak informasi lebih lanjut kakak dapat menghubungi twitter sebagai,neutral
hangry asuu emang promonya di shopee ugalan aplikasi lain juga terdampak,positive
aku nyari dimsum mentai bukan di gojekgrab tapi di search bar buat nyari aplikasi,neutral
shopee gak kaya grab atau gojek emang gitu aplikasi aneh dia mah yg lama resto yg kena susp driver,positive
jaman kerja di daerah cibiru sana saya sampe punya tukang gojek langganan jd sering minta dianter dr kantor ke rumah di luar aplikasi tarifnya samain kayak di aplikasi sebenernya bisa pake ojek langganan dari opang tp ya males kelakuannya gitu,positive
hallo gyuss aku salah satu pengguna gojek hemat yang pastinya memudahkan dalm kegiatan seharihari yukk kalian juga cobain promonya di aplikasi gojek gskbandung,negative
cara ikutannya gampang banget‼️ buka aplikasi gojek masuk ke bagian promo masukkan kode gofps dulu setelah reedem kode gofps masukin kode promo pastiadajalan langsung validasi dan aktifin,neutral
gojek gak pernah telepon masalah paylater notif aplikasi iya ada dan itu ada berhari hari sebelumnya sebelum deadline tanggal kalau gak salah tanggal bulan sebelumnya sudah ada notif bayar dan itu bisa hampir setiap hari ada notif nya kalau kamu belum bayar tagihan,positive
gskbandunghiii pengguna aplikasi gojek ada kabar baik nih buat kalian saat ini gojek sedang mengadakan kompetisi pastiadajalan,neutral
hi pengguna aplikasi gojek ada kabar baik nih buat kalian saat ini gojek sedang mengadakan kompetisi pastiadajalan mau ikut berburu hadiah jutaan rupiah caranya gampang banget cukup transaksi gojek kumpulkan poin dan jadi salah satu pemenangnya gojekbandung gskbandung,neutral
gak ada yang susah kalau udah ada jalan apalagi pastiadajalan tapi ingat ini promo terbatas jangan cuma scroll doang langsung eksekusi di aplikasi gojek sekarang gojekpromo cuanbersamagojek,negative
buka aplikasi gojek dan pilih promo ⁠pilih masukan kode promo ⁠masukan kode gofps dan validasi kodenya kalau udh redeem kode gofps nya kamu bisa masukin promo pastiadajalan,neutral
hi hi pengguna aplikasi gojek ada kabar baik ni buat kalian gojek sedang adain kompetisi pastiadajalan ini bukan sekadar promo ini jalan menuju kemenangan,negative
setelah dua kode berhasil diredeem kamu resmi ikut promo dari gojek tinggal tunggu hadiahnya bisa berupa saldo atau bahkan perangkat keren seperti ipad jangan tunggu lamalama kuota promonya terbatas langsung coba sekarang juga di aplikasi gojek,neutral
buka aplikasi gojek dan pilih promo ⁠pilih masukan kode promo ⁠masukan kode gofps dan validasi kodenya kalau udh redeem kode gofps nya kamu bisa masukin promo pastiadajalan,neutral
hi hi pengguna aplikasi gojek ada kabar baik ni buat kalian gojek sedang adain kompetisi pastiadajalan ini bukan sekadar promo ini jalan menuju kemenangan,negative
liat temen dapet iphone dari gojek kamu cuma dapet notif doang yuk masukin kode pastiadajalan di aplikasi gojek dan kumpulin poinnya hadiah jutaan nunggu kamu pastiadajalan ayo daftarin dirimu di,neutral
haii guysss siapa yg mau hadiah ipad cungg ‍️‍️ aku ada info menarik nih kalian bisa dapetin hadiah bernilai jutaan rupiah dengan enroll kode pastiadajalan di aplikasi gojek dan share kode referal kalian sebanyakbanyaknya daftar sekarang yukk,neutral
aneh banget ini aplikasi aku cuma mesen kali gojek dah driver uda sampe ke titik tibatiba dapet telpon dari driver yang berbeda katanya uda sampe titik dengan book titik jemput dan tujuan yang sama kaya dipesanan pertama anehhh buat rugi gopay ku ajaaa,positive
sudah hari ke belum ada kejelasan pembelian kuota di aplikasi myim tang dibayarkan melalui gopay cs gojek menyatakan transaksi sudah berhasil dan menyarankan ke merchant,neutral
voucher promo pakai goride diskon restock gopvtnxuf gorideaja wajib redeem sebelum kehabisan redeem di aplikasi gojek atau bisa langsung klik link,neutral
gorideaja on ‼️ diskon goride rb input di aplikasi gojek,neutral
ini situasi nya mirip sama sopir angkot atau ojek pangkalan yg takut sama aplikasi gojekgrab,positive
gojek x sinology teater gunakan kode unik godramahc cara redeem buka aplikasi gojek masuk ke menu promos masukkan kode godramahc nikmati potongan spesialnya gojekxsinology godramahc gojek vouchergojek voucher,neutral
gojek bisa pesen driver dlm satu aplikasi gk,neutral
bukan gitu kak emang aku ga mau nambah aplikasi yg aku install aja buat ewallet aku udah merasa cukup shopeepay sama ovo karena ekosistem gopay apps lain kayak gojek aku ga pake jd aku males install banyak apps,positive
hai kak saya pesan gocar di aplikasi gojek kali dg pembayaran online debit linebank yg pertama dibatalkan dari pihak gojek karena sistem yang error tapi kenapa di linebank transaksi tetap terhitung kali ya saldo saya pun juga terpotong kali bgmn ya kak,neutral
halo kak saya pesan gocar di aplikasi kali yg pertama dibatalkan dari pihak gojek karena sistem yang error tapi kenapa transaksi tetap terhitung kali ya saldo saya pun juga terpotong kali please sistemnya diperbaiki ini kejadian bkn yg pertama kalinya,positive
selamat pagi kak metode pembayaran tersebut saat ini belum bisa digunakan sebagai tiket commuter line ya kak alternatif bisa menggunakan aplikasi caccesaccess by kaigojek gotransit untuk pembelian tiket via scan qr code ya tks,neutral
gojek x sinology teater gunakan kode unik godramahc cara redeem buka aplikasi gojek masuk ke menu promos masukkan kode godramahc nikmati potongan spesialnya gojekxsinology godramahc,neutral
fess cara redeem buka aplikasi gojek masuk ke menu promos masukkan kode godramahc nikmati potongan spesialnya,neutral
ogut rasa provider ol spt gojek grab dkk mengarah ke lintahdaratonline mrk bebankn user dg jasa pelayanan juga mrk seenak knya bebankn jasa aplikasi kpd kustomer padahal itu adalah core tool milik mrk no apps no business zu fortsetzen,positive
emg ratingnya jelek sih mana bawa aplikasi ojol lain dia blg yang lain jg sering aja minta naikkan dih dikira aku baru pertama kah pake grab gojek maxim gitu emg sifatmu aja yg jelek arman,positive
bantu jawab ya nder di aplikasi gojekgrab untuk uang parkir sudah di tambahkan otomatis saat order gacoan kalo sopi belum ada uang parkir dari aplikasinya,neutral
baru kali ini ditolak driver gojek garagara dia ngambek sama aplikasi gojeknya gue pesen gosend sore ini order langsung dapet gue tungguin hampir menit ga sampesampe gue chat abangnya lama dibales dibalesnya pake vn intinya dia ngambek sama gojek krn dapet orderan,positive
bener bener harus kuat kalau vote sebong karena iklan yg di dapet itu kalau gak gojek grab fizzo ya pinjol mana kadang suka otomatis kebuka aplikasi nya,negative
garagara hujan tp pengen makan akhirnya gofood aja pake promo buat gofood jadi ngga boros juga krn dapet diskon dari gotedxpu sama pake pastiadajalan di aplikasi gojek and finally bisa lanjut nugas yg numpuk itu,negative
kalau orang tua kamu udah berangkat ibadah haji tetep bisa kok dibeliin paket tri ibadah di aplikasi gojek paket roaming trilebihhematsinyalcepat ini lagi promo hemat sampai ribu klik atau buka aplikasi gojekmu sekarang iniwaktunyakita,neutral
tolong dong ini begimana ceritanya di aplikasi gopay saldo ada masuk tapi di aplikasi gojek saldonye kagak masuk kagak ada mau makan enii laper,positive
yang mau cobain bisa langsung ke outlet hangry atau order lewat aplikasi online gojek disini ⤵️,neutral
selamat siang kak guna kami lakukan pengecekan dan teruskan ke unit terkait mohon beritahu waktu tanggal amp jam kejadian dan nomor telepon akun aplikasi gojek tersebut tks,neutral
perempuan hebat itu bernama lutfy azizah cerita dibalik aplikasi zendo gojek ala muhammadiyah oleh dahlan iskan jumat lutfy azizah foto bersama keluarga zendo tulungagung muhammadiyah punya zendo sudah beroperasi di kotakabupaten tanggal juni besok,neutral
lagi buruburu pas mau pulkam tenang pastiadajalan bareng goride bisa dapet diskon sd ribu pake kode promo gostasiun di aplikasi gojek jangan lupa juga pake kode referal goecofair promonya lumayan banget buat anak kost kayak aku gsksolo,negative
akhirnya coba pesen lagi berharap dapet driver yang beda tapi ternyata driver itu lagi tanpa babibu langsung aku batalin dan download aplikasi gojek,positive
gopub diresmikan pada tanggal april sebagai layanan pesan antar makanan dan marketplace makanan berbasis aplikasi yang diintegrasikan dengan aplikasi gojek,neutral
mw makan tapi mager banget untungnya pastiadajalan untuk gofood jadi ngga boros juga krn dapet diskon pake kode promo pastiadajalan lalu pake kode goecofair di aplikasi gojek perut dan kantong aman deh gsksolo,negative
ternyata cuman di aplikasi gojek,neutral
mau vidcall atau telpon keluarga kapan aja selama ibadah haji pasti lancar kalau ditemenin paket tri ibadah karena trilebihhematsinyalcepat beneran bisa bikin ibadah kamu makin tenang karena bisa terus berkabar dengan keluarga di rumah beli paketnya melalui aplikasi gojek,negative
tolong dong gojek cantumkan harga yg pantas di aplikasi supaya ga ada driver yg beralasan lg kalau harga di aplikasi itu salah dan minta uang lebih karna jarak jauh jg bilang ga ada uang utk bensin asli mau bgt ngelaporin tp ga tega liat bacaan bakal sampai putus mitra,positive
agak repot dikit sih soalnya aku harus buka aplikasi gojek terus milih menunya yang apa kalo gak salah suka chocolate cookies smoothies sunday chocolate ya terus harus nyantumin nomor wanya incess yang kayaknya udah ganti biar drivernya bisa hubungin kalo nyasar hehe,negative
eh kok perasaan harga es krim mixue naik harga ya perasaan dulu sekitar rb sekarang jdi rb utk sundae nya apa cmn di aplikasi gojek,neutral
kabar gembira buat yang punya aplikasi gojek nih ada promo seru buat kalian caranya ketik kode hwjelisyamlg klaim kode pastiadajalan dapetin promo seru yang dar der dor gojekindonesia promogojek pastiadajalan voucher weekendvibes zonauang zonajajan,negative
aplikasi gojek pas lagi ngojek,neutral
restock voucher promo pakai goride diskon gopvtnxuf gorideaja cepetan redeem sebelum kehabisan redeem di aplikasi gojek atau bisa langsung klik link,neutral
gojek yg namanya pt aplikasi karya anak bangsa lu pikir didirikan dimana di singapur jg dodol,positive
sekalian aplikasi gojek nya di matiin aja biar pada nganggur dan biar ada konten baru,positive
ini aplikasi gojek kenapa dah,positive
beneran dosaa kasian ayahku sama mamaku mau ke gambir ditolak gocar x ada kayaknya tadi trus aku suruh cari gojek yg lagi berhenti deket daerah travel itu akhirnya ditembak k padahal di aplikasi k trs sendiri naik gojek motor untungnya ga hujan,positive
jir samaaa senentn abang pun chaos sampe gue turun pesen gojek gada yg pickup mana buru ngejer jam krl untung bgt ada satpam baik nyariin gojek pinggir jalan yg mau ngangkut gue tanpa aplikasi huhu,negative
pagi tadi berangkat kerja pakai krl di teruskan naik gojek sampai kantor masyaallah di aplikasi bapaknya udah kerja tahun lebih dari ribu trip ditempuh sama beliau saya bertahan karena ngga punya pilihan lain juga bang cerita bapak dengan tetap tersenyum,negative
nunggu gojek hampir jam menjelang sampai eh dicancel sama driver atau jangan gangguan aplikasi,neutral
pelanggaran batas potongan aplikasi salah satu isu utama yang diangkat adalah dugaan pelanggaran terhadap kepmenhub kp no tahun yang menetapkan batas maksimal potongan aplikasi sebesar persen arahangin tvri ojol driver gojek grab aplikator,neutral
cara pakai buka aplikasi gojek masuk ke menu promosi masukin kodenya klik redeem dan promo langsung aktif buruan klaim kode promonya keburu habis,neutral
silahkan untuk repost postingan ini ke story ig lalu mention id amp dmmessage kami bukti screenshot follow all sosmed bni finance amp repost story ig nama lengkap no telepon yg terdaftar pada aplikasi gojekovo jangan lupa untuk memberikan keterangan ovogopay,neutral
driver gojek lainnya udh bantuin buat lapor dan urus urus tp dri aplikasi gojeknya gada pilihan buat laporin sexual harassment,neutral
ini sekarang gojek kalau mau ngajuin keluhan ke mana ya sosmednya udah ngga ngebalas keluhan soalnya mau ajuin tiket manual di aplikasi gojek harus ada transaksi dulu padahal aku udah topup gopay rb ga ada yang masuk ke wallet,neutral
min cara top up kmt via aplikasi gojek tuh gimana ya saya mau nyoba tp di gojek nya gada pilihan top up kmt,neutral
dukung sma kolombo dalam school creative hub ya dan dapatkan voucher diskon menarik khusus daerah jogja melalui aplikasi gojek dengan gunakan kode promo smakolombojog khusus goride atau gofood ya dan berlaku hingga juni gojek kodepromo schoolcreativehubgojek,neutral
alternatif web aplikasi transportasi gojek untuk komunitas lokal,neutral
ada yang namanya aplikasi gojek,neutral
saldo saya kok ga nambah setelah top up ini ada riwayat transaksi nya loh nambah di aplikasi gojek nya tapi saldo ga nambah kasian kucing saya sampe kesel gini nungguin mau beli makan,positive
beliin temen gue kue ulangtahun lewat gojek tp kelupaan pencet bayar pake gopay anjir mana abangnya gada chat apa apa samsek cuma sesuai aplikasi ya kak jadi temen gue bayar sendiri yaallah ‍‍‍,neutral
gopay dan gopay merujuk pada layanan dompet digital yang sama dari gojek di indonesia digunakan untuk transaksi di aplikasi gojek dan merchant tidak ada perbedaan fungsional antara keduanya sumber resmi seperti situs gojek dan gopay selalu menggunakan gopay tanpa tanda,neutral
fix apa gue apus aja ya aplikasi gojek itu demi kewarasan,positive
drama malam ini baru landing jam malem langsung lembur deadline sampe jam malem naik bis terakhir dari bandara ke depok terdampar di margonda gegara ga ada gojek yang mau nganter ke tajurhalang deal sama abang gojek di luar aplikasi harganya gua naikin,negative
iya gojek makin kesini makin kesana apa harus ganti aplikasi ya yg lebih ramah di kantong,negative
halo gaisss ada yang mau barter kuisioner kriteriaku pernah menggunakan aplikasi gojek kalau mau barter boleh rep atau dm langsung ya,neutral
hai aku sudah buka aplikasi gojek dan cek digofood pesta kuliner ‍️ jawabannya banting harga jadi didalamnya itu ada menumenu best pilihan yang lagi banting harga dan wajib banget dicoba pestakulinergofood ️,negative
itu krn kesalahan yg dibikin gojek sendiri tujuannya biar pada tau itu potongan isinya apa aja akhirnya diganti tuh bahasa yg tadinya gojek deposit jadi by layananaplikasi akhirnya duarrrrr malah rancu,positive
pernah dimintai uang buat ongkos ngakunya abis jalan dari rs sampai ke lokasi kami ketemu itu lumayan jauh terus karena kasian tapi mau jaga jadinya kutawari order gojek alamat ibu mana sambil buka aplikasi uang aja lah yaudah,positive
selalu nyari excuses biar bisa kemana sendiri lebih milih naik gojek drpd dianter jemput sama aki skrg ak benci liat aplikasi gojek,positive
download aja aplikasi gopay nya bukan gojek nanti klik aja bagian promo game klaim dulu biasanya pengguna baru banyak tuh promonya,neutral
setelah ada gojek semua berubah gua pulang nyantai dari sekolah ke rumah cuma ribu jaraknya sekitar km sejak itu gua selalu pakai gojek dan gak pernah ganti ke aplikasi lain,negative
terpaksa menggunakan grab ketika gojek lagi maintenance gojek menurut saya lebih bagus dari tampilan beda jauh grab nih lucu dan aneh bisa bisanya ada ad app language udah diganti indonesia masih ada englishnya aplikasi banyak kekurangannya nih grab menurutku,positive
cara atasi kendala top up pulsa tri cek saldo rekening amp pastikan cukup restart hp coba top up ulang coba top up di aplikasi berbeda misal gojek dana atau shopee hubungi cs melalui wa semoga berhasil,neutral
gimana kalau ada bumn yg bikin aplikasi kayak gojek atau grab bumn tsb gak usah cari keuntungan banyak yang penting bisa kasih pekerjaan warganya sebagai driver ojol dgn ketentuan yg manusiawi dan menguntungkan driver,negative
ada apakah dengan aplikasi gojek di jam sampai di jam,neutral
dikira bikin aplikasi ojek sesimple jadi doang anying belum maintenance server belum bayar api google maps belum lagi server harus jalan mana mau bikin tanpa potongan lagi makanya kan gojek keuangannya minus mulu karna banyak pengeluaran tpi sering didemo kasian wkwk,positive
kalau driver bluebird yang juga menggunakan aplikasi itu statusnya karyawan kenapa driver gojek dan grab statusnya mitra,neutral
hampir naik eskalator turun di lrt tapcash ilang ga nyadar nyasar cari pintu keluar malah balik ke pintu masuk malah mau naik gojek punya orang mau aja lg dianterin gojek tanpa aplikasi untung ga diculik sumpah kyknya gua gabisa pergi sendiri untuk sementara,positive
adegan berbahaya aplikasi gojek backend nya ahh,positive
naik krl bisa pake emoney dr bank mandiri brizi dr bri tapcash dari bni flazz dari bca dan juga bisa pake aplikasi gojek namanya gotransit fitur go transit akan muncul apabila ada di area yg ada stasiun krl klo msh di karawang ga ada tp lbh enak pake kartu emoney sih,negative
seharusnya ini masalah internal bisnis karena ojek itu mitra dari aplikasi gojek bmc nya gitu wkwkwk meminta pemerintah intervensi karena rakyat kecil seharusnya bisa di sampaikan secara internal karena gojek itu bisnis sektor swasta,positive
wahai driver ojol grab dan gojek di seluruh ri ada kabar baik buat anda semua wajib tahu simak sumber dibagikan melalui aplikasi google,neutral
kasih feedback langsung di aplikasi burukkurang baik gtgt penjemputan terlalu jauh,positive
selamat sore qris tap saat ini belum bisa digunakan sebagai tiket commuter line ya kak alternatif bisa unduh aplikasi caccesaccess by kaigojek gotransit untuk pembelian tiket via scan qr code ya tks,neutral
ok but aplikasi gojek masuk di dynamic island sangat ngebantu,negative
mau makan enak dan murah gofood solusinya buruan cek aplikasi gojek kalian sekarang dan borong pas tanggal mei jam pagi siang dan malam diskon up to loh tunggu apalagi cek buruan menu favorit kalian sekarang karena gofood lagi ngadain brand day brandday,negative
cara nya adalah user aplikasi itu harus berkurang drastis klo perlu ga ada yg pake lagi atau muncul aplikasi bru yg smua driver pindah kesitu yg ngebuat user app grabgojek hilang pasti ntar d turunin entah promo entah ptongan berkurang tp itu ga akn mgkin atau susah,positive
kalo dari cisauk mau gojekgocar juga sabi andaikan antrian intermoda bis terlalu duar duarr jaraknya gak nyampe km kalo di map masih terjangkau laa tetep dari aplikasi yaa kalo langsung ntar digetok,negative
udh lama ga pake gojek trs td kaget pas mau mesen malah keluar kode bukan lgsg dpet drivernya ini w suru nyamperin drivermya aplikasi kocak,positive
kalau jawaban saya mungkin karena promo yang dilempar belum lagi potongan saya kalau pakai gojek itu bayarnya cash nah kadang ada promo gitu dan biaya menjalankan server aplikasi itu gak murah,positive
aku tadi coba bisa ka download aplikasi gopay bukan gojek klo blm punya,neutral
ya kan tinggal mereka keluar dan bikin aplikasi sendiri kenapa masih ada di gojek atau grab kalo merasa mampu bikinlah jangan omdo doang,positive
dari pada t kebanyakan jd nasi basi mending bikin aplikasi spt gojek yg dikelola oleh pemerintah biar orangtuanya dpt duit utk anaknya bisa makan bergizi sekeluarga drpd aplikator swasta meres keringat rakyat dgn potongan gilaan ditambah banyaknya phk dan pengangguran,positive
susah sistem nya sih ojol nyerap bnyak tenaga kerja tp mreka adalah perushaan aplikasi bukan transportasi mreka bkan mempekerjakan ojol tp anggap driver sbgai mitra yg pake app mreka shingga bukan karyawan gojekgrab tp mitra susah nya disana ga akan bs slesai,positive
ribet ya pemerintah aja buat aplikasi ojol biar tau untung ruginya juga biar rakyat terbantu gojek aja skrg msh merugi belum pernah untung dari awal aplikator jg salah normalisasi harga murah dari awal lewat promo dll asumsi rakyat harga murah padahal bakar duitwkwk,positive
customer dimntain tmbah biaya² aplikasi dsb driver krna potong diluar biaya tmbahn itu yg jelas gojek sdh dpt dri uang driver yg perlu dtnyakan amp diaudit adalah biaya² tmbahn itu uh dibebankan pelanggan krna yg disnilah bsa tmban cuan gojeknya jdi bkan lgi dri awal,neutral
aplikasi ijo itu apa gojek grabfood asli gak paham,positive
ojol ditolong ditodong aplikasi tech bro itu gw perhatikan pada ngga ngerti masalah orisinalitas ketauan dari glorifikasi ai skrg dari tingkah app gojek grab dsb keliatan tech bro ini pada ga ngerti urusan potongan upah yg manusiawi,positive
ini harus di aplikasi gopay gak ada di aplikasi gojek,neutral
dari dulu kubilang yg masih ada aplikasi gojek consumen di hp nya itu orang kaya,positive
mereka pengusaha pak bukan dermawan gak mungkin disuruh omsetnya umr buat mereka pemerintah harus bikin aplikasi gojek sendiri dong,positive
grab dan gojek merger gak ada yang kehilangan pekerjaan kecuali cuma orang kantornya yg berkurang drivernya tetap sama hahaha asal elu tau ya kedua aplikasi ini pemilik sahamnya ada di singapore,neutral
dan aplikasi seperti gojektokopedia jika mampu mengolah data dan membuat efisien itu sangatsangat bagus apalagi ada bantuan dari tiktok sayangnyasayangnya kelihatan mikir cuman jangka pendek dan agak rakus,negative
nmr laporan terjadi lagi sistem dan sistem kurir instan super jelek ‍ pesanan di sistem shopee belum kepickup tapi di aplikasi gojek udah kepickup,positive
dukung pemerintah bikin aplikasi seperti gojek dll dengan potongan saja dari pada rakyat jadi sapi perah aplikator swasta dgn potongan gilaan sehubungan pemerintah belum bisa membuka juta lapangan kerja insha allah kemiskinan menurun drastis rbhari rakyat dpt,positive
pks jika mau menang pemilu bikinlah aplikasi seperti gojek dll utk rakyat indonesia dengan potongan cukup saja dari pada rakyat jadi sapi perah aplikator swasta dgn potongan gilaan sampai sehubungan tinggi nya angka pengangguran saat ini ojekinojek indonesia,positive
ikuti tantangan pastiadajalan masukkan kode pastiadajalan di aplikasi gojek dapatkan kode unikmu ajak temantemanmu untuk menggunakan kode unik tersebut saat bertransaksi di gojek kumpulkan poin sebanyakbanyaknya,neutral
desak pemerintah bikin aplikasi seperti gojek dengan potongan dari pada rakyat jadi sapi perah aplikator swasta dgn potongan gilaan sehubungan pemerintah belum bisa membuka juta lapangan kerja dijamin prabowo periode kl ini jadi,positive
bikin aplikasi gojek tanpa fee,neutral
eh gojek knp sih gak bisa ngasih tips dari aplikasi tapi bayarnya pake debit langsung kekk gue mau ngasih tips tapi gue cashless dan gue males isi gopay,positive
ada tapi ga terlalu bisa diandalkan jujurly ada kaya gojek tp buatan anak unesa namanya nesaride lebih murah dikit dr aplikasi pake itu aja,positive
gojek menyatakan tengah mengkaji dampak usulan kenaikan tarif ojol hingga bersama kementerian perhubungan termasuk usulan pemotongan biaya aplikasi sebesar agar tetap menguntungkan pengemudi tanpa memberatkan penumpang simak selengkapnya,neutral
persen mungkin anda ikut promo coba dicek lagi gojek plus biaya aplikasi,neutral
biaya aplikasi gojek untuk pembeli dan penjual lalu shoppe biaya aplikasi untuk pembeli saja kadang bingung kok aplikator mash belum mendaptkan keuntungan aneh banget dwetnya habis,positive
ni tum simple nya gini kita di potong fee setelah itu dibpotong biaya aplikasi knp setiap harusnya cukuo di ambil fee saja tambah di potong apliksi pembeli san penjual di mintain biaya aplikasi gojek fee plus shoppe untuk yang daftar apkikas baru,positive
gak nder w gak bisa nyetir soalnya sayang aplikasi gojek dan transjakarta aja tanpa mereka gue gak bisa ke manamana,positive
bisaa pake aplikasi gopay sendiri bukan lewat gojek,neutral
logika aja maxim inidriver dll muncul kapan dia lakuin iklan bakar duit diawal sebesar aplikasi pioneer gak aplikasi baru mah enak gausah promosi macem seperti yg udah dilakuin gojek grab lagian kalo emang lebih untung maksim kenapa masih pada pake grab dan gojek pindah aja,positive
sindir aja nder kek klo ada yg di gofood in ama pacarnya km taro sw tapi khusus yg liat dia doang spam aja kek gitu wkwkwk hrsnya nyadar si aku klo ngode ke cowoku kek gtuu tpi ga pernah minta gofood karena dia buka aplikasi gojek aja ga ngerti,positive
sesuai dengan nilai harga bayar auto debit yang gagal dari gopay bagong banget dah nih gopay dan google play store yang aplikasi gopay saja sudah drama banget fitur dan aksesnya bahkan driver goride juga pernah mengeluhkan phone lag karena wajib instal aplikasi gojek driver,positive
ini kenapa ya min aku login aplikasi gopaygojek malah keluar notif aplikasi ini perlu pembaruan cepat padahal aplikasi udah ak update ke versi terbaru udah coba install ulang juga tetep gabisa,positive
oalah ini gopay yang gopay aplikasinya berarti ya bukan bawaan dari aplikasi gojek makasih btw zion,neutral
gw aja baru pertama kemaren ngrasain naik krl di jkt cukup ribet krna di aplikasi kai cuma bisa beli tiket buat orang sedangkan gw ada anak jadi harus instal gojek harus instal gopay aduhh kebanyakan aplikasi padahal harusnya cukup pake kai access aja loh,negative
jujur gw gamasalah kalo pesen gojek dapet motor apapun tp nih masalahnya ga sesuai di aplikasi dan pijakannya meletet beteeee bangetttt️️️️️️️ orang nya juga ga ngomong kalo motor nya bedaa,positive
kalau grab drivernya kelihatan di lock screen kalau di gojek harus buka aplikasi dan merhatiin terus,neutral
kalo liat dipostingan richeese ini ga bisa dibeli lewat aplikasi gojek atau grab kak harus beli sendiri take awaydine in,neutral
selamat malam kak apabila yang dimaksud qris tap saat ini belum bisa digunakan sebagai tiket commuter line ya kak alternatif bisa unduh aplikasi caccesaccess by kaigojek gotransit untuk pembelian tiket via scan qr code ya kak tks,neutral
betul tapi harus yg pake aplikasi gopay ya bukan gojek karna pernah temen hanya pake aplikasi gojek ga ketahuan berapa nominalnya,neutral
bilang siapa njir aplikasi gojek gw ga bunyi,positive
halo kok saat membuka kamera untuk scan layar menghitam bahkan dari aplikasi gojek juga begitu padahal setting kamera sudah diizinkan untuk gopay dan gojek mohon bantu ya kaa,neutral
jog aplikasi pinjaman yg bunga nya rendah apa ya selain gojek dan sopi,neutral
driver gojekgrab cs tolak kenaikan tarif ojol desak potongan aplikasi jadi,neutral
ada yg baru pis di aplikasi gojek katanya,neutral
lebih setuju potongan aplikator yang dikurangi driver gojekgrab ketika dapat penumpang km penumpang bayar ribu drivernya cuma terima ribu dikurangi potongan komisi biaya layanan biaya aplikasi,neutral
aku pernah transaksi google play kaak masih dapet ituu kakaknya punya aplikasi gopay atau gojek,neutral
sore kak maaf kendalanya hanya saat akses aplikasi gojek aja yuk dm nomor hp tanggal kejadian lokasi kel kec kota sama kalo ada nomor lain yang ngalamin hal sama biar langsung kita cek joan,neutral
bisa pakai aplikasi gopay guys gopay ya bukan gojek,neutral
iya aplikasi ewalletnya si gopay ️ bukan app gojek,neutral
pake aplikasi gopay aja kak easy to use hihi gopay ya bukan gojek,neutral
selamat siang kak perjalanan commuter line yogyakarta pembelian dapat dilayani melalui aplikasi gojek menu gotransit pembayaran dengan gopay maksimal bisa untuk orang ya kak tks,neutral
ini harus donlod aplikasi terpisah atau ada di dalam gojek,neutral
gaperlu app transjakarta buat liat rute google maps cukup buat liat rute pakai aplikasi gojek bisa untuk menggantikan app tj or kue kartu uang elektronik there s always a learning curve and you re not required to be a pro at it,neutral
ini sebenernya yg bikin males mau naik transport harus ganti aplikasi tj pakai tj transjakarta mrt ganti ke mymrtj mau naik krlkai harus pakai gojekkai access belom top up saldo aplikasi payment providernya beda semua emang sih ada app jaklingko tp g user friendly,positive
krl commuter line bisa pake aplikasi gojek kok coba cari menu go transit nanti ada opsi buat tiket krl tinggal pilih stasiun keberangkatan sama stasiun tujuan aja abis itu bayar pake gopay nanti kalo udah ada barcode buat masuk sama keluar stasiun,neutral
kalian yang pake ngerasa internet nya makin lemot ga sih kuota dan pulsa ada tapi lemotnya kebangetan kendalanya kl di jalan mau ngecek aplikasi chat gojek dan browsing pun jadi gabisa rekomen dong provider yang oke buat dipake di area jktdpk,negative
lalamove tuh apa kak aplikasi semacem gojek kah,neutral
ini ak beli karna buat orang rumah juga ayamnya tuh jumbo bgt juicy lagi bumbunya meresap enakk coba cek deh aplikasi kalian sp tau dapet promo,negative
young k aslinya dua aplikasi jaketnya kalo dibalik jadi jaket gojek,neutral
sudah siap pulang ke tanah air setelah full ibadah di tanah suci menunggu jadwal kepulangan iniwaktunyakita isi ulang paket tri ibadah gb hari agar bisa terus berkomunikasi dengan keluarga paket roaming trilebihhematsinyalcepat ini bisa kamu beli di aplikasi gojek,neutral
maaaff bgt ya kak mau viral atau engga si oren ini hampir sama kayak gojek dia backingannya orang sawah pemerintahan jg jadi better pindah aplikasi aja ya begitulah hidup di indonesia raya ini,positive
pihak turnbackhoax telah memeriksa informasi tersebut faktanya terdapat unggahan resmi dari bahwa gopay tidak pernah menerbitkan kartu fisik dan semua layanan gopay hanya dapat diakses melalui aplikasi gojek atau gopay,neutral
halo terima kasih sudah membuat aplikasi ini kamu membuat mood bagus pagi ini tidak ada lagi merasa hopeless yang kalo bus ga datang aku terpaksa naik gojek jam diperkirakan menit lagi jam udah datang,negative
dah coba aplikasi gojek,neutral
selamat pagi kak perjalanan commuter line yogyakarta pembelian dapat dilayani melalui aplikasi gojek menu gotransit pembayaran dengan gopay maksimal bisa untuk orang ya kak tks,neutral
ada tinggal pesen di aplikasi gojek,neutral
kalian kalo driver gojekgrab food nganter makan terus di chat nanya lagi nomoralamat rumah biasanya dijawab ga soalnya di aplikasi udah jelas banget tertera kan gw mikir ngapain nanya lagi udah gitu pada biasa yang lain nganter fine aja ga masalah,negative
apa gue apus aja ya ini aplikasi grab sama gojek biar ga dikitdikit order grabfoodgofood terus,positive
ada yang tau cara laporin orderan fiktif aplikasi kronologi driver gojek datang ke rumah bilang dapet orderan buat anter anggota keluargaku ke kota sebelah keluargaku gaada yg merasa pesen gojek dan karena kita semua cewe setelah konfirmasi ke driver,neutral
selamat siang kak untuk perjalanan commuter line yogyakartapalur pp silakan dapat menggunakan pembayaran gopay pada fitur gotransit di aplikasi gojek dan aplikasi access by kaicaccess ya tks,neutral
selamat siang kak untuk tiket berjenis kartu seperti kartu multi trip kmt kartu bank emoney flazz brizzi tapcash tiket hanya untuk orang kami sarankan bisa menggunakan aplikasi caccessgojek gotransit ponsel bisa untuk orang ya tks,neutral
gojek menghilangkan tampilan detail potongan di aplikasi driver biar ga di protes mulu kali ya,positive
tabe yang dipangkep tidak adakah itu gojek atau aplikasi pesan makan dipangkep kodong info ta dule,neutral
kak saran gw kalo lu dikondisi begini pake aplikasi ojol lain aja dulu misal gojek biarin aja gaada yang cancel ampe dia yang cancel duluan yang rugi dia sedangkan kamu sampe tujuan deh afternya report aja ke cs grab,neutral
cara ngaduin ini ke gojek gimana yak soalnya gw ga pernah transaksi gede di aplikasi ini annoying banget tiap hari dapet notif gini,positive
