full_text,preprocessed,label
 Pembayaran Harian yang Praktis Ada PEXX Card yang bisa kamu pakai untuk membayar layanan transportasi online seperti Gojek atau Grab hingga berbelanja di e-commerce seperti Tokopedia dan Shopee. Nggak perlu repot top-up banyak aplikasi cukup satu kartu untuk semua.,bayar hari praktis pexx card kamu pakai bayar layan transportasi online gojek grab hingga belanja ecommerce tokopedia shopee perlu repot topup banyak aplikasi cukup satu kartu semua,positif
Aplikasi online yg ada fitur mobil pick up nya apa ya? Yg mobil bak kebuka itu. Soalnya di gojek rasanya bukan pick up,aplikasi online fitur mobil pick nya apa mobil bak buka soal gojek rasa bukan pick,netral
Aku lagi survey data tentang seberapa sering kita pakai aplikasi kayak Gojek Grab Maxim sama Shopee Food. Tenang aja surveinya: Super singkat! Cuma 9 pertanyaan https://t.co/2rEDZ7pmby Makasih ya buat yang udah mau nyempetin waktu! You're the best! ,aku survey data berapa sering pakai aplikasi kayak gojek grab maxim sama shopee food tenang aja survei super singkat cuma tanya makasih buat udah mau nyempetin waktu youre the best,netral
@e100ss Bukan ide baru. Bahkan lahirnya gojek juga awalnya krn ada aplikasi semacam ini. Terbukti gabisa jd solusi. Transum tetep jawaban.,bukan ide baru bahkan lahir gojek awal krn aplikasi macam bukti gabisa solusi transum tetep jawab,netral
Pesan Taksi Listrik Green SM Kini Bisa via Aplikasi Gojek https://t.co/6lphrM4jJ4,pesan taksi listrik green kini via aplikasi gojek,netral
Perluas akses layanan taksi listrik Green SM kini bisa dipesan via aplikasi Gojek! #ThePhraseID #GreenSM #Gojek #taksilistrik #EV #BEV #ElectricVehicle #mobillistrik #otomotif https://t.co/WsAefuqE46,luas akses layan taksi listrik green kini pes via aplikasi gojek,netral
@txtdrjkt 2013. Gw pake google maps mau ke Samsat Barat muter Semanggi 3x nyerah. Dpn hotel bilangan Kuningan gw samperin Gojek yg baru nurunin penumpang. Minta anter. Bayar sesuai aplikasi masukin kode id order yg dikasih mamangnya. Eh dibawa masuk jalur busway &amp; gabisa nolak. ‍️,pake google maps mau samsat barat muter semanggi nyerah dpn hotel bilang kuningan samperin gojek baru nurunin tumpang minta anter bayar sesuai aplikasi masukin kode order kasih mamang bawa masuk jalur busway amp gabisa nolak,netral
ada ga yg bisa cairin gopaylater via gofood atau apapun itu di aplikasi gojek?? #zonauang,cairin gopaylater via gofood apa aplikasi gojek,netral
@thelittleeight gojek aja jarang ada yg mau ngambil dari aplikasi kak rata2 pada nembak. gocar juga pasti gituu apalagi kalo macet biasanya pada males ngambil,gojek aja jarang mau ngambil aplikasi kak rata nembak gocar gituu kalo macet biasa males ngambil,netral
@JO0YCCC surabaya emang murce nder gojek/grabnya asal gak yang naik tanpa aplikasi ditembak entar *korban 20k,surabaya emang murce nder gojekgrabnya asal gak naik aplikasi tembak entar korban,netral
aplikasi gojek sama spotify kalo bisa jangan disatuin di slide yg sama. selalu sukses bikin keder,aplikasi gojek sama spotify kalo jangan disatuin slide sama selalu sukses bikin keder,netral
 Cara Atasi Kendala Top Up Pulsa Tri: 1. Cek saldo rekening &amp; pastikan cukup 2. Restart HP coba top up ulang 3. Coba top up di aplikasi berbeda (misal Gojek Dana atau Shopee) 4. Hubungi CS @3careindonesia melalui WA Semoga berhasil!,cara atas kendala top pulsa tri cek saldo rekening amp pasti cukup restart coba top ulang coba top aplikasi beda misal gojek dana shopee hubung lalu moga hasil,positif
Green SM dan Gojek berkolaborasi dalam penyediaan layanan Green SM di aplikasi Gojek,green gojek kolaborasi sedia layan green aplikasi gojek,netral
semoga penyakit suka mindah2in titik sendiri ke tempat yg jauh padahal gua masih di tempat yg sama ky pesenan sebelomnya yg diderita aplikasi gojek cpt sembuh anjg,moga sakit suka mindahin titik sendiri tempat jauh padahal gua tempat sama sen bom derita aplikasi gojek cpt sembuh anjg,netral
@kayiaeo_O Selamat siang. Apabila yang dimaksud E-Toll (E-Money terbitan Bank Mandiri) kartu tersebut dapat digunakan untuk perjalanan Commuter Line Prameks. Untuk pembelian QR tiket di aplikasi Gojek pada fitur GoTransit belum dapat ditentukan masuk kuota tiket. Pembelian QR tiket bisa,selamat siang apabila maksud etoll emoney terbit bank mandiri kartu sebut guna jalan commuter line prameks beli tiket aplikasi gojek fitur gotransit tentu masuk kuota tiket beli tiket,negatif
Green SM penyedia layanan armada 100 persen taksi listrik resmi berkolaborasi dengan Gojek dalam menghadirkan layanan GoGreen SM yang kini tersedia di aplikasi Gojek. ~TA #GreenSM #Gojek https://t.co/WDtz4ZvQvy,green sedia layan armada persen taksi listrik resmi kolaborasi gojek hadir layan gogreen kini sedia aplikasi gojek,netral
@Kirito1765 Belinya lewat apa? Aplikasi mereka atau gojek/ovo/shopeepay atau mbanking? Kemaren ngisi lewat mbanking mandiri dan bca gak ada masalah.,beli lewat apa aplikasi gojekovoshopeepay mbanking kemaren ngisi lewat mbanking mandiri bca gak masalah,netral
@tanyarlfes Aplikasi gojek nder,aplikasi gojek nder,netral
@3ahriii_ Selamat malam Kak. QRIS Tap saat ini belum bisa digunakan sebagai tiket Commuter Line ya kak alternatif bisa unduh aplikasi c-acces/access by KAI/Gojek (Gotransit) untuk pembelian tiket via scan QR code ya Kak. Tks.,selamat malam kak qris tap guna tiket commuter line kak alternatif unduh aplikasi caccesaccess kaigojek gotransit beli tiket via scan code kak tks,negatif
@waafahal @jadijago seharusnya Rp0 keterangannya knp harus beda jumlah saldo di aplikasi gopay sama gojek kalau sudah di transfer ke gopay tabungan saya lihat ini juga terjadi dibeberapa customer yg baru pertama kali buat gopay tabungan seperti halnya yg terjadi di saya ada yg sampai jutaan juga,terang knp beda jumlah saldo aplikasi gopay sama gojek kalau transfer gopay tabung lihat jadi beberapa customer baru pertama kali buat gopay tabung hal jadi juta,netral
@waafahal @gopayindonesia tapi saya lihat di akun lain seharusnya Rp0 di gopay saldo terus knp keterangan saldo di aplikasi gopay sama gojek bisa beda??,lihat akun gopay saldo terus knp terang saldo aplikasi gopay sama gojek beda,netral
@BaseBDG Buat kalian kalau mau beli beras beli d gomart aja (aplikasi gojek) belinya tiap harus sabtu harganya sktar 62rb dan free ongkir,buat kalian kalau mau beli beras beli gomart aja aplikasi gojek beli tiap sabtu harga sktar free ongkir,netral
memang aplikasi gojek ini penyelamat di segala kondisi. bisa apa gue tanpa abang2 gojek. love gojek️️ https://t.co/XLvGlAyBKw,memang aplikasi gojek selamat segala kondisi apa gue abang gojek love gojek,negatif
Deadline mepet hujan deras motor gak bisa dipake? Langsung aja buka aplikasi Gojek order GoRide bayar pake GoPay. Jangan lupa pakai promo PASTIADAJALAN biar makin hemat! @gojekindonesia #PASTIADAJALAN https://t.co/i5Qy6Qule0,deadline mepet hujan deras motor gak dipake langsung aja buka aplikasi gojek order goride bayar pake gopay jangan lupa pakai promo pastiadajalan biar makin hemat,netral
Pov: Semua promo kyak muncul disaat yg paling dibutuhkan tiap buka aplikasi Gojek @gojekindonesia #GSKSMG2025 #PASTIADAJALAN #GOJEK https://t.co/54CCo5sai9,pov semua promo kyak muncul saat paling butuh tiap buka aplikasi gojek,netral
Gw baru tau klo gojek di aplikasi drivernya akun gw ada notesnya pelanggan ini titik penjemputan tidak selalu tepat harap menghubungi kembali Kek gw ngerasa dih apebuedh ,baru tau klo gojek aplikasi drivernya akun notes langgan titik jemput selalu tepat harap hubung kek ngerasa dih apebuedh,netral
@yolanderf @wookiesn @BaseBDG enggak dia instal aplikasi grab/gojek dll. trs pesen dari titik A ke titik B ntar di situ ada titik2 ijo letak driver terdekat. tinggal d liat aja d map nya ada dimana tuh driver tp y random ,enggak instal aplikasi grabgojek trs sen titik titik ntar situ titik ijo letak driver dekat tinggal liat aja map nya tuh driver random,netral
@mdrfhyt gojek mau berubah jadi aplikasi fintech wkwkw,gojek mau ubah jadi aplikasi fintech wkwkw,netral
BISA INI ITU DENGAN GOJEK??? Bisa banget dapet hadiah jutaan dari GOJEK dengan redeem kode #PASTIADAJALAN di Aplikasi Gojek! Klaim kore unikmu dan menangkan banyak hadiahnya‼️ #GSKPWT2025 #NgampusHematBarengGojek #GojekSahabatKampus @gojekindonesia https://t.co/vFpsxctrA6,gojek banget dapet hadiah juta gojek redeem kode aplikasi gojek klaim kore unik menang banyak hadiah,netral
Mau diskon gede buat GoRide ke/dari stasiun? Pake aja kode promo GOSTASIUN + GOINF25 pas transaksi di aplikasi Gojek kamu! Langsung berasa hematnya. Buruan sikat! #GOSTASIUN #GOINF25 #GSKPWT2025 #NgampusHematBarengGojek #GojekSahabatKampus @gojek.yogyakarta https://t.co/1eC06KRMvj,mau diskon gede buat goride dar stasiun pake aja kode promo gostasiun goinf pas transaksi aplikasi gojek kamu langsung asa hemat buru sikat yogyakarta,netral
@ppngjijimagu Selamat malam Kak apabila belum melakukan tap out dengan aplikasi Gojek untuk perjalanan esok hari maka bisa dilakukan ya apabila terdapat kendala silakan bisa menghubungi petugas di stasiun keberangkatan. Tks.,selamat malam kak apabila laku tap out aplikasi gojek jalan esok hari laku apabila dapat kendala sila hubung tugas stasiun berangkat tks,negatif
HAAHH!!!?! kapan lagi setiap pake aplikasi Gojek bakal dapet hadiah menarik!!! Jangan lupa dipake guys kode promo PASTIADAJALAN yaa temen temen siapa tau kalian bakal dapetin hadiah hadiah menariknya!!! @gojek_smg @gojekindonesia #GSKSMG2025 https://t.co/xiJVVPPihX,haahh kapan pake aplikasi gojek bakal dapet hadiah tarik jangan lupa dipake guys kode promo pastiadajalan yaa temen temen siapa tau kalian bakal dapetin hadiah hadiah tarik,netral
HAAHH!!!?! kapan lagi setiap pake aplikasi Gojek bakal dapet hadiah menarik!!! Jangan lupa dipake guys kode promo PASTIADAJALAN yaa temen temen siapa tau kalian bakal dapetin hadiah hadiah menariknya!!! @gojek_smg @gojekindonesia #GSKSMG2025 https://t.co/AgsVRnNAhA,haahh kapan pake aplikasi gojek bakal dapet hadiah tarik jangan lupa dipake guys kode promo pastiadajalan yaa temen temen siapa tau kalian bakal dapetin hadiah hadiah tarik,netral
@gojekindonesia saya mau tanya ini kenapa bisa terjadi ya saya pesan gofood dan titik pengantaran/alamat sudah sesuai tapi titiknya malah berbeda jauh dengan yang di drivernya? jadinya malah harus shareloc di luar aplikasi gojek. ini buat gak nyaman antara cust &amp; driver.,mau tanya jadi pesan gofood titik pengantaranalamat sesuai titik malah beda jauh drivernya jadi malah shareloc luar aplikasi gojek buat gak nyaman cust amp driver,negatif
Mau dapet hadiah jutaan rupiah cuma dari pakai Gojek? YEP kamu nggak salah baca. #PastiAdaJalan buat menang asal kamu gercep! Buruan cek di aplikasi Gojek sekarang! #NgampusHematBarengGojek #PromoGojek #GSKPWT2025 #GojekSahabatKampus @gojekindonesia https://t.co/RgXa4PKoaU,mau dapet hadiah juta rupiah cuma pakai gojek yep kamu salah baca buat menang asal kamu gercep buru cek aplikasi gojek sekarang,netral
@vespamatic96 Klo gitu Ama aja om...Napa Lo ngojek pake gojek bukan pake Maxim...Lo bikin kaya yg punya gojek...coba Lo GX pake aplikasi gojek...bakalan tutup tu gojek...sama GX kira2x om narasinya,klo gitu ama aja omnapa ngojek pake gojek bukan pake maximlo bikin kaya punya gojekcoba pake aplikasi gojekbakalan tutup gojeksama kirax narasi,netral
Cara apply code voucher 1. Buka Aplikasi Gojek dan pilih promo 2. ⁠Pilih Masukan kode promo 3. ⁠Masukan Kode GOFPS dan validasi kodenya kalau udh redeem kode GOFPS nya kamu bisa masukin promo PASTIADAJALAN ,cara apply code voucher buka aplikasi gojek pilih promo pilih masuk kode promo masuk kode gofps validasi kode kalau udh redeem kode gofps nya kamu masukin promo pastiadajalan,netral
Hallo gyuss Aku salah satu pengguna gojek hemat yang pastinya memudahkan dalm kegiatan sehari-hari yukk kalian juga cobain promonya di aplikasi gojek @gojekindonesia #GSKSEMARANG2025 #Gojek #zona jajan #goride https://t.co/NNcrYe35X4,hallo gyuss aku salah satu guna gojek hemat pasti mudah dalm giat seharihari yukk kalian cobain promonya aplikasi gojek jajan,netral
@tsun_shine @farhanrivaldy_ Kalo login gojek kan dapet otp nah otp nya dimasukan ke aplikasi tapi karena ini fake otp itu masuk ke telegram scammer dia nge loop berkali kali agar scammer pusing bangak otp palsu,kalo login gojek kan dapet otp nah otp nya masuk aplikasi fake otp masuk telegram scammer nge loop kali kali scammer pusing bangak otp palsu,netral
Hampir saja tangan ini menyentuh aplikasi Gojek. Tahan tahan,hampir tangan sentuh aplikasi gojek tahan tahan,netral
@floweryliy Heeeehhhh cucu gundik emang HP maneh te boga aplikasi ojolkah ??? Grab gojek indriver maxim uber anjiirrrrr boa cicing d leweng sugan ,heeeehhhh cucu gundik emang maneh boga aplikasi ojolkah grab gojek indriver maxim uber anjiirrrrr boa cicing leweng sugan,netral
Cara apply code voucher 1. Buka Aplikasi Gojek dan pilih promo 2. ⁠Pilih Masukan kode promo 3. ⁠Masukan Kode GOFPS dan validasi kodenya kalau udh redeem kode GOFPS nya kamu bisa masukin promo PASTIADAJALAN GAMPANG BANGET KAN? AYO CEPETAN APPLY KODE NYA,cara apply code voucher buka aplikasi gojek pilih promo pilih masuk kode promo masuk kode gofps validasi kode kalau udh redeem kode gofps nya kamu masukin promo pastiadajalan gampang banget kan ayo cepetan apply kode nya,netral
sumpah trmen trmen maaf tbtb balik ini ada paket salah kirim ke rumahku sumpah.. paket nya dikirim pake gojek aku terima trs aku bayar soalnya KIRAIN GOFOOD AKU YG LAGI DI JALAN JG aku liat aplikasi abang abangnya udh di deket rumah juga aku kaget kok pas dibuka isinya bkn,sumpah trmen trmen maaf tbtb balik paket salah kirim rumah sumpah paket nya kirim pake gojek aku terima trs aku bayar soal kirain gofood aku jalan aku liat aplikasi abang abang udh deket rumah aku kaget kok pas buka isi bkn,netral
Mau hemat ngapain aja? AYO PAKE GOJEKPLUS buat dapetin banyak promo. Buka aplikasi Gojek pake m kode referal GOECOPICK untuk diskon spesial yang bikin kantong kamu tetap aman! #pastiadajaln #gojek #goridehemat #gsk2025 #gojeksahabatkampus @gojek_smg https://t.co/qNiwqXWnq8,mau hemat ngapain aja ayo pake gojekplus buat dapetin banyak promo buka aplikasi gojek pake kode referal goecopick diskon spesial bikin kantong kamu tetap aman,netral
Top 3 most annoying ads while playing mobile games: 3. Traveloka 2. Grab/Gojek Harus dipencet min 3 buat nutup salah pencet dikit langsung pindah aplikasi. 1. Adakami Auto instal sendiri aplikasinya. So annoying.,top most annoying ads while playing mobile games traveloka grabgojek pencet min buat nutup salah pencet dikit langsung pindah aplikasi adakami auto instal sendiri aplikasi annoying,positif
@kazegakieta @KAI121 Selamat pagi Kak. Untuk pembelian tiket perjalanan Commuter Line via aplikasi GoJek diwajibkan untuk scan in dan out sesuai dengan stasiun yang tertera pada tiket. Untuk perjalanan yang Kakak lakukan silakan dapat menemui petugas Passenger Service di Stasiun akhir tujuannya untuk,selamat pagi kak beli tiket jalan commuter line via aplikasi gojek wajib scan out sesuai stasiun tera tiket jalan kakak laku sila temu tugas passenger service stasiun akhir tuju,negatif
@LoversSinglet @infomalang Di terminal ada shelter grab atau gojek kok lokasinya di sebelah pom bensin pas. Tarifnya sesuai aplikasi &amp; kalau minta dijemput bisa req disitu.,terminal shelter grab gojek kok lokasi belah pom bensin pas tarif sesuai aplikasi amp kalau minta jemput req situ,netral
VOUCHER PROMO PAKAI GORIDE DISKON 90% !! [RESTOCK TERBATAS] GO47PVTNX7UF GORIDEAJA [WAJIB REDEEM SEBELUM KEHABISAN] Redeem di aplikasi gojek atau bisa langsung klik link https://t.co/YxSBhCXLnD https://t.co/uJbyddM3q8,voucher promo pakai goride diskon restock batas gopvtnxuf gorideaja wajib redeem habis redeem aplikasi gojek langsung klik link,netral
@kth_kaa Jika lupa klaim voucher GORIDEAJA coba hubungi customer support Gojek lewat aplikasi: buka Menu Utama pilih Help Center lalu Vouchers and Promotion dan laporkan My voucher is missing . Bisa juga coba kontak via media sosial resmi Gojek tapi cek dulu akun resminya. Tidak ada,lupa klaim voucher gorideaja coba hubung customer support gojek lewat aplikasi buka menu utama pilih help center lalu vouchers and promotion lapor voucher missing coba kontak via media sosial resmi gojek cek dulu akun resmi,netral
lagunya perunggu tuh sgt related bgt buat anak rantau yang suka homesick lagu ini tuh jadi motivasi buat mimin buat ngejalanin apa yang mimin sudah mulai mimin jadi semangat buat ikutan campaign kode PASTIADAJALAN di aplikasi gojek #GSKSMG2025 #GOJEKHEMAT @gojekindonesia https://t.co/TITDSFPPKV,lagu perunggu tuh sgt related bgt buat anak rantau suka homesick lagu tuh jadi motivasi buat mimin buat ngejalanin apa mimin mulai mimin jadi semangat buat ikut campaign kode pastiadajalan aplikasi gojek,netral
Gak peduli seberapa macet hujan atau sibuk harimu... #PASTIADAJALAN bareng Gojek! Semua ada solusinya: mau makan kirim barang sampai cari ojek. Satu aplikasi jutaan kemudahan. https://t.co/3lNtQMZUal,gak peduli berapa macet hujan sibuk hari bareng gojek semua solusi mau makan kirim barang cari ojek satu aplikasi juta mudah,netral
untukku bank jago : aku pakai gojek app dan udh otomatis konek ke bank jago walau aku ga punya aplikasi dan bukan nasabah selain itu aku pake bibit yg konek ke gojek. kalau seabank : kena iming dari temen aku yg katanya bunga cair tiap hari aku pengen tau ± lainnya apa,untuk bank jago aku pakai gojek app udh otomatis konek bank jago aku punya aplikasi bukan nasabah aku pake bibit konek gojek kalau seabank kena iming temen aku kata bunga cair tiap hari aku ken tau lain apa,netral
-dips! Tiap hari pesen GoFood GoRide sampe GoSend. Langganan Gojek Plus diskon melimpah dompet aman! Buka aplikasi pesen apa aja hemat terus. @gojekindonesia bikin hidup gampang! https://t.co/Vzv2xyvveN,dips tiap hari sen gofood goride sampe gosend langgan gojek plus diskon limpah dompet aman buka aplikasi sen apa aja hemat terus bikin hidup gampang,netral
Tiap hari pesen GoFood GoRide sampe GoSend? Langganan Gojek Plus juga dongg!!! Diskon melimpah dompet aman! Buka aplikasi pesen apa aja hemat terus. @gojekindonesia bikin hidup lebih gampang! #GSKSMG2025 https://t.co/X9JX0CmXtt,tiap hari sen gofood goride sampe gosend langgan gojek plus dongg diskon limpah dompet aman buka aplikasi sen apa aja hemat terus bikin hidup lebih gampang,netral
@toe_giman Ini konten aja kan soalnya masnya nelpon pakai wa kalo aplikasi Gojek g kyk gt,konten aja kan soal mas nelpon pakai kalo aplikasi gojek kyk,netral
 Naik Gojek gak harus mahal! Pakai #GojekHemat dapetin DISKON tiap hari mulai dari Rp5.000-an aja! Tetep nyaman. Tetep aman. Tetep irit. ️ Cek promonya di aplikasi sekarang! #GojekHemat #PASTIADAJALAN https://t.co/xBsEKqFznd,naik gojek gak mahal pakai dapetin diskon tiap hari mulai rpan aja tetep nyaman tetep aman tetep irit cek promonya aplikasi sekarang,netral
Semua urusan harian? Gojek solusinya! Pakai kode GOJEKHEMAT di aplikasi Gojek buat nikmatin diskon spesial di tiap layanan. Masukkan juga kode referral GOECOPICK Jangan sampai ketinggalan promonya! #pastiadajalan #gsk2025 #gojeksahabatkampus @Gojek_Semarang https://t.co/puC2HOAqoC,semua urus hari gojek solusi pakai kode gojekhemat aplikasi gojek buat nikmatin diskon spesial tiap layan masuk kode referral goecopick jangan tinggal promonya,netral
 Pakai kode promo PASTIADAJALAN di aplikasi Gojek untuk berbagai layanan dari transportasi sampai kirim barang. Masukkan kode referral GOECOPICK agar kamu dapat bonus menarik dan aku ikut terbantu! #pastiadajalan #gsk2025 #gojeksahabatkampus @Gojek_Semarang https://t.co/zu24qJjCVr,pakai kode promo pastiadajalan aplikasi gojek bagai layan transportasi kirim barang masuk kode referral goecopick kamu bonus tarik aku ikut bantu,netral
Hello min @gojekindonesia @gojektech usul tolong go-food dilengkapi fitur share loc seperti gosend &amp; gojek. Sering jg kami order makan utk org lain/keluarga &amp; g bisa terus pantau aplikasi utk cek posisinya dmn &amp; harus kabari penerima. Dgn share loc penerima bisa cek sendiri. Ty,hello min usul gofood lengkap fitur share loc gosend amp gojek sering order makan utk org lainkeluarga amp terus pantau aplikasi utk cek posisi dmn amp kabar terima dgn share loc terima cek sendiri,netral
Dari pada langganan aplikasi yang jarang kamu pake. mending langganan gojek plus disana kamu bakal dapetin berbagai diskon disetiap transaksinya. ga bakal rugi deh auto happy teruss! @gojek_soloraya #GSKSOLO2025 #GOJEKPLUS https://t.co/jY9K3OXg5C,langgan aplikasi jarang kamu pake mending langgan gojek plus sana kamu bakal dapetin bagai diskon tiap transaksi bakal rugi deh auto happy teruss,netral
 Mau cepat aman dan tanpa ribet? #PakeGojek aja! Dari antar makanan sampai kirim paket semua beres dalam satu aplikasi. #Gojek #PASTIADAJALAN https://t.co/O3z8i5z1og,mau cepat aman ribet aja antar makan kirim paket semua beres satu aplikasi,positif
Lu bayangin gw mantengin aplikasi grab gojek hampir 20 menit udah dicancel driver car mereka lebih dari 5x kondisi jalan gak macet samsek mereka cm ga mau muter balik doang padahal gw bayar loh. Gua ngabisin 20 menit gua buat nunggu driver nerima orderan gw doang ,bayangin mantengin aplikasi grab gojek hampir menit udah dicancel driver car lebih kondisi jalan gak macet samsek mau muter balik doang padahal bayar loh gua ngabisin menit gua buat nunggu driver nerima order doang,netral
@hariantimeline Lah aplikasi gojek aja coding nye boleh nyontek Dr si grab punya. Kalo lo mau tau dia beli coding nya si grab Dan cuma ganti bbrp fitur doank.,lah aplikasi gojek aja coding nye nyontek grab punya kalo mau tau beli coding nya grab cuma ganti bbrp fitur doank,netral
@pln_123 halo admin kenapa saya mau beli token di aplikasi gojek selalu gagal???,halo admin mau beli token aplikasi gojek selalu gagal,netral
Lagi ngerasa stuck? Wajar. Hidup nggak selalu mulus. Tapi tenang #PASTIADAJALAN. Gojek siap nemenin setiap langkahmu Gunakan kode promo: PASTIADAJALAN Dapetin diskon spesial buat GoRide GoFood dan GoSend! Yuk buka aplikasi Gojek sekarang. @gojekindonesia #GSKSMG2025 https://t.co/519tToCGMy,ngerasa stuck wajar hidup selalu mulus tenang gojek siap nemenin langkah guna kode promo pastiadajalan dapetin diskon spesial buat goride gofood gosend yuk buka aplikasi gojek sekarang,netral
Tadi pas mau cari makan malam kok malas banget ya cari makanan di luar. Untung aja tadi nemu kode promo PASTIADAJALAN di gojek pas bangett kondisinya. Ayukk guysss bisa masukkin kodenya di aplikasi gojek @gojekindonesia #GSKSMG2025 https://t.co/vsNJl9959u,tadi pas mau cari makan malam kok malas banget cari makan luar untung aja tadi nemu kode promo pastiadajalan gojek pas bangett kondisi ayukk guysss masukkin kode aplikasi gojek,netral
jujur gue badmood banget kalo iklan gojek di gue... soalnya ga keitung langsung lari ke aplikasi nya jadi ke refresh... bisa ga sih jangan buat gue nangis gegara vote ,jujur gue badmood banget kalo iklan gojek gue soal keitung langsung lari aplikasi nya jadi refresh sih jangan buat gue nang gegara vote,netral
 Gojek = Aplikasi layanan transportasi ️ Gojeg = Bahasa Jawa yang berarti bercanda Dua kata ini bunyinya mirip tapi artinya beda jauh. Jadi kalau naik GO-JEK jangan kebanyakan gojeg biar abangnya tetap fokus ke jalan! ,gojek aplikasi layan transportasi gojeg bahasa jawa arti canda kata bunyi mirip arti beda jauh jadi kalau naik gojek jangan banyak gojeg biar abang tetap fokus jalan,netral
Baru tau kalo ada aplikasi kupon begini tapi cuma bisa makan ditempat kirain bisa order pake gojek https://t.co/9vYLJmNz90,baru tau kalo aplikasi kupon begini cuma makan tempat kirain order pake gojek,netral
@EdsNababan Kan udah ready tupatnya tinggal masuk aplikasi gojek klik go send gampang kan.,kan udah ready tupatnya tinggal masuk aplikasi gojek klik send gampang kan,netral
Tadi dapet abang Gojek Tuna Rungu beliau info by chat dan terpampang Namanya di Aplikasi. Luckily msh inget bahasa isyarat hasil dari jd relawan APG terus Abang nya kayak senyumnya lebar gt huaa https://t.co/N17pcGfqfD,tadi dapet abang gojek tuna rungu beliau info chat pampang nama aplikasi luckily msh inget bahasa isyarat hasil rawan apg terus abang nya kayak senyum lebar huaa,netral
MASIH ADA TOTAL 5 GR EMAS BUAT KAMU‼️ Ini kesempatan kamu buat tebak dan menangin hadiahnya! Cek #PestaKulinerGoFood di aplikasi Gojek untuk tau jawabannya https://t.co/lgch4s2iAB,total emas buat kamu sempat kamu buat tebak menangin hadiah cek aplikasi gojek tau jawab,netral
* Cashback 15% untuk Ganti Suku Cadang di Planet Ban * Cashback 10% untuk Ganti Ban di Planet Ban| * GRATIS Isi Nitrogen Ayo serbu promonya di halaman Swadaya pada aplikasi Gojek Driver! #GojekSwadaya #SalamSatuAspal #HematDenganSwadaya #PromoPlanetBan #BanPresaPlaneto,cashback ganti suku cadang planet ban cashback ganti ban planet ban gratis isi nitrogen ayo serbu promonya halaman swadaya aplikasi gojek driver,negatif
Nge-bid bebas cemas dengan perlindungan dari BPJS Ketenagakerjaan. Banyak manfaatnya! Cek aplikasi Gojek Driver klik Banner BPJS-TK dan daftar sekarang juga! Promo terbatas! #GojekSwadaya #PromoBPJSTK #SalamSatuAspal #HematDenganSwadaya,ngebid bebas cemas lindung bpjs ketenagakerjaan banyak manfaat cek aplikasi gojek driver klik banner bpjstk daftar sekarang promo batas,netral
VOUCHER PROMO GORIDE TERBARU SPESIAL LIBURAN IDUL ADHA &amp; TIMNAS DAY!! GOINDONESIA GO47PVTNX7UF YUKLIBUR [WAJIB REDEEM SEBELUM KEHABISAN] Redeem di aplikasi gojek atau bisa langsung klik link https://t.co/YxSBhCXLnD https://t.co/qspG4wpStG,voucher promo goride baru spesial libur idul adha amp timnas day goindonesia gopvtnxuf yuklibur wajib redeem habis redeem aplikasi gojek langsung klik link,netral
oy apaan gojek minta duit di luar aplikasi,apa gojek minta duit luar aplikasi,netral
VOUCHER PROMO GOJEK TERBARU SPESIAL LIBURAN IDUL ADHA!! [RESTOCK] GO47PVTNX7UF YUKLIBUR [WAJIB REDEEM SEBELUM KEHABISAN] Redeem di aplikasi gojek atau bisa langsung klik link https://t.co/YxSBhCXdy5 https://t.co/kPWvux3x1O,voucher promo gojek baru spesial libur idul adha restock gopvtnxuf yuklibur wajib redeem habis redeem aplikasi gojek langsung klik link,netral
@ofBabyMonster @user Berdasarkan keluhan di X pengguna GoPay di Indonesia sering melaporkan error aplikasi seperti transaksi gagal dan crash saat digunakan di app Gojek. Banyak juga yang kesulitan menghubungi layanan pelanggan dengan laporan CS tidak responsif. Selain itu ada masalah akses,dasar keluh guna gopay indonesia sering lapor error aplikasi transaksi gagal crash guna app gojek banyak sulit hubung layan langgan lapor responsif masalah akses,netral
Aplikasi gojek udeh ga ada di apps store ya,aplikasi gojek udeh apps store,netral
aplikasi gojek knpa siii?,aplikasi gojek knpa siii,netral
Aplikasi gojek tolol bgt eror terus,aplikasi gojek tolol bgt eror terus,netral
@jokes4country @GrabID @gojekindonesia Kebijakan goblok karena ga ada pilihan lain untuk 6 orang! Harusnya ada pilihan di mana bisa ga pake gambling... Itu maksud gua... Aturan itu udah gua baca dan GA ADA PILIHAN NON ELEKTRIK DI APLIKASI GRAB GUA... Mo gojek ubah bodo amat yang penting mereka ada...,bijak goblok pilih orang harus pilih mana pake gambling maksud gua atur udah gua baca pilih non elektrik aplikasi grab gua gojek ubah bodo penting,netral
@DPlusID_Help mau bayar pake gopay kok ga bisa? You've linked with this number before ga ke aplikasi gojek nya mau bayar ga bisa,mau bayar pake gopay kok youve linked with this number before aplikasi gojek nya mau bayar,netral
Bingung mau pulang tapi duitnya pas-pasan? Mama dirumah udah kangen banget tapi kamu gabisa pulang. GORIDE solusinya masukin kode promo GOSTASIUN atau kode GOECOFAIR di aplikasi gojek langsung bisa pulang pergi ke rumah tanpa mikir duit habis. #GSKSOLO2025 @gojekindonesia https://t.co/6kmMP8JqKF,bingung mau pulang duit paspasan mama rumah udah kangen banget kamu gabisa pulang goride solusi masukin kode promo gostasiun kode goecofair aplikasi gojek langsung pulang pergi rumah mikir duit habis,netral
Mau ikut irit juga? Daftar dulu pake kode GOKIHMSI terus subscribe GoJek Plus langsung di aplikasi. @gojekindonesia https://t.co/auG3jScwHh,mau ikut irit daftar dulu pake kode gokihmsi terus subscribe gojek plus langsung aplikasi,netral
jujur ya pengen ngelaporin gojek yg motornya ga sesuai di aplikasi pesen yg xl datengnya yg mini mini sebenernya kasihan si tp dengan perjalanan jauh dan pantatku yg gede ini sungguh tidak nyaman ,jujur ken ngelaporin gojek motor sesuai aplikasi sen datengnya mini mini sebenernya kasihan jalan jauh pantat gede sungguh nyaman,netral
Kapan lagi pake aplikasi Gojek bakal dapetin hadiah menarik! Semakin sering pake PASTIADAJALAN semakin besar peluang menangnya Jangan sampe ketinggalan yaa teman-teman! @gojek_smg @gojekindonesia #GSKSMG2025 https://t.co/lqLHY9peG3,kapan pake aplikasi gojek bakal dapetin hadiah tarik makin sering pake pastiadajalan makin besar peluang menang jangan sampe tinggal yaa temanteman,netral
Dapet penumpang ibu ibu marah sama gwe Mas saya panggilin juga di sebrang dari tadi Gue dengan lantam Bu saya jemput sesuai titik yang ibu taro yang kedua gausah dipanggil bu saya di dalem mobil kedap suaranya di aplikasi gojek ada fitur chat ,dapet tumpang ibu ibu marah sama gwe mas panggilin sebrang tadi gue lantam jemput sesuai titik ibu taro dua gausah panggil dalem mobil kedap suara aplikasi gojek fitur chat,netral
HAAHH!!!?! kapan lagi setiap pake aplikasi Gojek bakal dapet hadiah menarik!!! Jangan lupa dipake guys kode promo PASTIADAJALAN yaa temen temen siapa tau kalian salah satu yang bakal dapetin hadiah hadiah menariknya! @gojek_smg @gojekindonesia #GSKSMG2025 https://t.co/DwZJ3jD7dK,haahh kapan pake aplikasi gojek bakal dapet hadiah tarik jangan lupa dipake guys kode promo pastiadajalan yaa temen temen siapa tau kalian salah satu bakal dapetin hadiah hadiah tarik,netral
Naik gojek kok motornya beda sama yg di aplikasi kutanya katanya habis ilang pas lagi nunggu antrian go food. Ya Allah orang2 ini kok tega banget ya ,naik gojek kok motor beda sama aplikasi kuta kata habis ilang pas nunggu antri food allah orang kok tega banget,netral
kenapa ya kalo gue lagi jadwalnya ke toko pasti yang belanja minta pesenin grab/gojek?? berguna sekali nih aplikasi di hp gue akwoowkwom,kalo gue jadwal toko belanja minta senin grabgojek guna sekali nih aplikasi gue akwoowkwom,netral
Priti kau nggak tau kah ada aplikasi namanya Gojek? Naik gojek aja kau ngapain minta nebeng sama Harry? Mau kupesankan biar bisa pulang langsung?,prit kau tau aplikasi nama gojek naik gojek aja kau ngapain minta nebeng sama harry mau pesan biar pulang langsung,netral
@r_aaaaaaa_ @infomalang lha biasane ketok staff e ojol disana jg kok grab / gojek gt kdg nawarin promo aplikasi ke penumpang,lha biasane ketok staff ojol sana kok grab gojek kdg nawarin promo aplikasi tumpang,netral
ada yg pernah pengalaman gini gk? gue gk pernah pinjol punya aplikasi nya aja engga. tiba2 di chat gini pas gue tanya dia bilang dari gojek gue bingung njir. tapi bukti ktp sama foto ada????? ktp gue pernah ilang tahun lalu yg sekarang itu ktp baru bisa dipake emang? https://t.co/2MZQOqSyOY,pernah alam gin gue pernah pinjol punya aplikasi nya aja engga tiba chat gin pas gue tanya bilang gojek gue bingung njir bukti ktp sama foto ktp gue pernah ilang tahun lalu sekarang ktp baru dipake emang,negatif
@KompasTV Lihat dong dilapangan... Jangan hanya duduk manis dikantor. Ngk kebayang tiba2 aplikasi gojek dan grab gangguan aplikasi seminggu bisa2 krismon 98,lihat dong lapang jangan duduk manis kantor ngk bayang tiba aplikasi gojek grab ganggu aplikasi minggu krismon,netral
guys klen klo dapet voc gojek apa gocar yg smpe cmn bayar under 10k tuh pas bayarnya cash sesuai aplikasi ato dibuletin 10k? soalnya aku pernah dpt diskon cmn bayar 3k doang tp ak sungkan jirr dan waktu itu gopayku gada saldooo plsss masukannya,guys klen klo dapet voc gojek apa gocar smpe cmn bayar under tuh pas bayar cash sesuai aplikasi ato buletin soal aku pernah dpt diskon cmn bayar doang sungkan jirr waktu gopayku gada saldooo plsss masuk,netral
@anak_sayan92001 @GiveRep @cro_aggregator aplikasi ijo itu grab ya apa gojek? ,aplikasi ijo grab apa gojek,netral
udah banyak kok ini. tinggal ketik di WA: mas tolong bikinkan aplikasi kayak traveloka/gojek ,udah banyak kok tinggal ketik mas bikin aplikasi kayak travelokagojek,netral
Awalnya @gojekindonesia itu berdiri sebagai APLIKASI KARYA ANAK BANGSA yg utamanya MEMBANTU anak bangsa utk berkarya dng menjadi mitra mobile yg menjelajahi area yg luas hingga ojek konvensional pun perlahan tergerus. Tapi sekarang...?? #DriveRaja #ceritaojol #gojek https://t.co/4FlEskK09N,awal diri aplikasi karya anak bangsa utama bantu anak bangsa utk karya dng jadi mitra mobile jajah area luas hingga ojek konvensional perlahan gerus sekarang,netral
@Ndons_Back @prabowo @are_inismyname @florieliciouss @BANGSAygSUJUD @99propaganda @Kimberley_PS08 @DarekaRendy @bengkeldodo https://t.co/DeM8QUtZm6 Dapet 300rb sekali atau bbrp kali habis itu apa? ini ga nylesein akar masalah. Masalahnya adalah iklim ekonomi yg ga sehat dan pengusaha yg ga teregulasi! bayangin seorang gojek dipotong penghasilannya 20-50% oleh aplikasi. Pemerintah gaada solusi!,dapet sekali bbrp kali habis apa nylesein akar masalah masalah iklim ekonomi sehat usaha regulasi bayangin orang gojek potong hasil aplikasi perintah gaada solusi,netral
@hxxguu_ @Guesswuiam @storeby_ilza @Helidunn @jakeone02 @Dewtrails @boywobd92413 Aku samsung 2018 sudah gak bisa bang. Lemot ampun. Kamera menurun cuma bisa whatsapp &amp; youtube itu pun nge lag. Mau download aplikasi macam shopee gojek gabisa karna ram nya kecil :( jaman sekrng paling gak kudu up hp tiap 3-4 tahun. Apalagi aplikasi makin kesini makin besar,aku samsung gak bang lot ampun kamera turun cuma whatsapp amp youtube nge lag mau download aplikasi macam shopee gojek gabisa karna ram nya kecil jaman sekrng paling gak kudu tiap tahun aplikasi makin kesini makin besar,netral
@_kijang1_ @discountfess Kalo gitu malah gada bedanya dari opang. Saya banyak bicara dengan para mitra dari gojek dan grab memang potongan aplikasi &gt;50% Kalau begitu customer tetap punya kewajiban ngasih lebih?,kalo gitu malah gada beda opang banyak bicara mitra gojek grab memang potong aplikasi kalau customer tetap punya wajib ngasih lebih,netral
aplikasi yang harus diinstall sebelum pergi: 1. gojek 2. grab 3. maxim,aplikasi diinstall pergi gojek grab maxim,netral
@ARSIPAJA mau bikin aplikasi gojek (gofood dan goride exclude payment)? oke gw siapin server database domain API hingga aplikasi mobile cross platform setup google maps API website customer dan backoffice. Pokoknya terima beres satu hari jadi wow secepat itu? memang secepat itu,mau bikin aplikasi gojek gofood goride exclude payment oke siapin server database domain api hingga aplikasi mobile cross platform setup google maps api website customer backoffice pokok terima beres satu hari jadi wow cepat memang cepat,positif
Tiba-tiba logout sendiri dari aplikasi gojek dan gak bisa login karena technical issue. Ada yang mengalami juga gaaak? @gojekindonesia https://t.co/OO5AS7EaZQ,tibatiba logout sendiri aplikasi gojek gak login technical issue alami gaaak,netral
@saltedeggramen Ga bisa kak ini aku 3 hari ga bisa samsek. Yaaa emang jgn bergantung ke satu pemasukan aja makanya skrg byk driver yg join minimal 2 aplikasi misal shope sama gojek gitu.,kak aku hari samsek yaaa emang jgn gantung satu pasu aja makanya skrg byk driver join minimal aplikasi misal shope sama gojek gitu,netral
@HachijouJoestar Selamat pagi Kak. Perjalanan KRL bisa langsung menggunakan KMT (Kartu Multi Trip) kartu uang elektronik bank (E-Money Brizzi Tapcash Flazz) atau aplikasi Gojek pada menu Gotransit ya Kak. Informasi lebih lanjut Kakak dapat menghubungi twitter @Commuterline sebagai,selamat pagi kak jalan krl langsung guna kmt kartu multi trip kartu uang elektronik bank emoney brizzi tapcash flazz aplikasi gojek menu gotransit kak informasi lebih lanjut kakak hubung twitter,negatif
@biem7 @discountfess Hangry asuu emang promonya di shopee ugal2an aplikasi lain juga terdampak,hangry asuu emang promonya shopee ugalan aplikasi dampak,netral
@tamagopuyuh @yungjukn aku nyari dimsum mentai bukan di gojek/grab tapi di search bar buat nyari aplikasi,aku nyari dimsum mentai bukan gojekgrab search bar buat nyari aplikasi,netral
@apakabarb @owl555lwo @discountfess Shopee gak kaya grab atau gojek. Emang gitu aplikasi aneh dia mah. Yg lama resto yg kena susp driver,shopee gak kaya grab gojek emang gitu aplikasi aneh mah lama resto kena susp driver,negatif
@BaseBDG Jaman kerja di daerah Cibiru sana saya sampe punya tukang gojek langganan. Jd sering minta dianter dr kantor ke rumah di luar aplikasi tarifnya samain kayak di aplikasi. Sebenernya bisa pake ojek langganan dari opang tp ya males kelakuannya gitu.,jaman kerja daerah cibiru sana sampe punya tukang gojek langgan sering minta anter kantor rumah luar aplikasi tarif samain kayak aplikasi sebenernya pake ojek langgan opang males laku gitu,netral
Hallo gyuss Aku salah satu pengguna gojek hemat yang pastinya memudahkan dalm kegiatan sehari-hari yukk kalian juga cobain promonya di aplikasi gojek @gojek_bandung #GSKBANDUNG https://t.co/dDObn60s4J,hallo gyuss aku salah satu guna gojek hemat pasti mudah dalm giat seharihari yukk kalian cobain promonya aplikasi gojek,netral
Cara ikutannya gampang banget‼️ 1. Buka aplikasi Gojek 2. Masuk ke bagian Promo 3. Masukkan kode GOFPS dulu setelah reedem kode GOFPS masukin kode promo PASTIADAJALAN Langsung validasi dan aktifin!,cara ikut gampang banget buka aplikasi gojek masuk bagi promo masuk kode gofps dulu reedem kode gofps masukin kode promo pastiadajalan langsung validasi aktifin,netral
@greenheroes27 @dptrilia @karamel1446728 Gojek gak pernah telepon masalah paylater. Notif aplikasi iya ada dan itu ada berhari hari sebelumnya sebelum deadline (tanggal 1) kalau gak salah tanggal 15 bulan sebelumnya sudah ada notif bayar. Dan itu bisa hampir setiap hari ada notif nya kalau kamu belum bayar tagihan.,gojek gak pernah telepon masalah paylater notif aplikasi iya hari hari belum deadline tanggal kalau gak salah tanggal bulan belum notif bayar hampir hari notif nya kalau kamu bayar tagih,netral
@gojek_bandung #GSKBANDUNGHiii Pengguna Aplikasi GOJEK ada kabar baik nih buat kalian. Saat ini GOJEK sedang mengadakan kompetisi #pastiadajalan https://t.co/CSZt7LPjIO,guna aplikasi gojek kabar baik nih buat kalian gojek sedang ada kompetisi,netral
Hi Pengguna Aplikasi GOJEK ada kabar baik nih buat kalian. Saat ini GOJEK sedang mengadakan kompetisi #pastiadajalan Mau ikut berburu hadiah jutaan rupiah? Caranya gampang banget cukup transaksi gojek kumpulkan poin dan jadi salah satu pemenangnya! #GojekBandung #GSKBANDUNG https://t.co/x3w3ODZzrR,guna aplikasi gojek kabar baik nih buat kalian gojek sedang ada kompetisi mau ikut buru hadiah juta rupiah cara gampang banget cukup transaksi gojek kumpul poin jadi salah satu menang,netral
 Gak ada yang susah kalau udah ada jalan apalagi #PASTIADAJALAN Tapi ingat ini promo terbatas. Jangan cuma scroll doang langsung eksekusi di aplikasi Gojek sekarang! #GojekPromo #CuanBersamaGojek,gak susah kalau udah jalan ingat promo batas jangan cuma scroll doang langsung eksekusi aplikasi gojek sekarang,netral
1. Buka Aplikasi Gojek dan pilih promo 2. ⁠Pilih Masukan kode promo 3. ⁠Masukan Kode GOFPS dan validasi kodenya kalau udh redeem kode GOFPS nya kamu bisa masukin promo PASTIADAJALAN ,buka aplikasi gojek pilih promo pilih masuk kode promo masuk kode gofps validasi kode kalau udh redeem kode gofps nya kamu masukin promo pastiadajalan,netral
 HI HI PENGGUNA APLIKASI GOJEK Ada kabar baik ni buat kalian GOJEK sedang adain kompetisi #pastiadajalan Ini bukan sekadar promo ini JALAN menuju kemenangan! https://t.co/8bzVcmbBDi,guna aplikasi gojek kabar baik buat kalian gojek sedang adain kompetisi bukan sekadar promo jalan tuju menang,netral
Setelah dua kode berhasil diredeem kamu resmi ikut promo dari Gojek. Tinggal tunggu hadiahnya bisa berupa saldo atau bahkan perangkat keren seperti iPad. Jangan tunggu lama-lama kuota promonya terbatas. Langsung coba sekarang juga di aplikasi Gojek,kode hasil diredeem kamu resmi ikut promo gojek tinggal tunggu hadiah upa saldo bahkan perangkat keren ipad jangan tunggu lamalama kuota promonya batas langsung coba sekarang aplikasi gojek,negatif
1. Buka Aplikasi Gojek dan pilih promo 2. ⁠Pilih Masukan kode promo 3. ⁠Masukan Kode GOFPS dan validasi kodenya kalau udh redeem kode GOFPS nya kamu bisa masukin promo PASTIADAJALAN ,buka aplikasi gojek pilih promo pilih masuk kode promo masuk kode gofps validasi kode kalau udh redeem kode gofps nya kamu masukin promo pastiadajalan,netral
 HI HI PENGGUNA APLIKASI GOJEK Ada kabar baik ni buat kalian GOJEK sedang adain kompetisi #pastiadajalan Ini bukan sekadar promo ini JALAN menuju kemenangan! https://t.co/iXCdXaImVq,guna aplikasi gojek kabar baik buat kalian gojek sedang adain kompetisi bukan sekadar promo jalan tuju menang,netral
Liat temen dapet iPhone dari Gojek kamu cuma dapet notif doang? Yuk masukin kode PASTIADAJALAN di aplikasi Gojek dan kumpulin poinnya! Hadiah jutaan nunggu kamu! #PastiAdaJalan Ayo daftarin dirimu di: https://t.co/qp7wtZdrVw https://t.co/yvS7mR9rLY,liat temen dapet iphone gojek kamu cuma dapet notif doang yuk masukin kode pastiadajalan aplikasi gojek kumpulin poin hadiah juta nunggu kamu ayo daftarin diri,netral
HAII GUYSSS SIAPA YG MAU HADIAH IPAD CUNGG!! ‍️‍️ aku ada info menarik nih kalian bisa dapetin hadiah bernilai JUTAAN RUPIAH dengan enroll kode PASTIADAJALAN di aplikasi Gojek dan share kode referal kalian sebanyak-banyaknya!! DAFTAR SEKARANG YUKK : https://t.co/VDNyvNwciX https://t.co/c1feprBU07,hai guysss siapa mau hadiah ipad cungg aku info tarik nih kalian dapetin hadiah nila juta rupiah enroll kode pastiadajalan aplikasi gojek share kode referal kalian sebanyakbanyaknya daftar sekarang yukk,netral
@gojekindonesia aneh banget ini aplikasi aku cuma mesen 1 kali gojek dah driver uda sampe ke titik tibatiba dapet telpon dari driver yang berbeda katanya uda sampe titik. Dengan book titik jemput dan tujuan yang sama kaya dipesanan pertama. Anehhh buat rugi gopay ku ajaaa,aneh banget aplikasi aku cuma mesen kali gojek dah driver uda sampe titik tibatiba dapet telpon driver beda kata uda sampe titik book titik jemput tuju sama kaya pesan pertama anehhh buat rugi gopay ajaaa,netral
Sudah hari ke 5 belum ada kejelasan pembelian kuota di aplikasi myim3 tang dibayarkan melalui gopay. CS gojek menyatakan transaksi sudah berhasil dan menyarankan ke merchant. @CareIM3 @indosat @SinhaVikram https://t.co/QtxByEURPa,hari jelas beli kuota aplikasi myim tang bayar lalu gopay gojek nyata transaksi hasil saran merchant,netral
VOUCHER PROMO PAKAI GORIDE DISKON 90% !! [RESTOCK] GO47PVTNX7UF GORIDEAJA [WAJIB REDEEM SEBELUM KEHABISAN] Redeem di aplikasi gojek atau bisa langsung klik link https://t.co/YxSBhCXLnD https://t.co/jU9m7S1XVr,voucher promo pakai goride diskon restock gopvtnxuf gorideaja wajib redeem habis redeem aplikasi gojek langsung klik link,netral
GORIDEAJA ON ‼️ DISKON GORIDE 90% 10RB input di aplikasi GOJEK https://t.co/xHW0mKxeTC,gorideaja diskon goride input aplikasi gojek,netral
@madkidn ini situasi nya mirip sama sopir angkot atau ojek pangkalan yg takut sama aplikasi gojek/grab,situasi nya mirip sama sopir angkot ojek pangkal takut sama aplikasi gojekgrab,netral
 Gojek x Sinology Teater Gunakan kode unik: *GODRAMAHC* Cara redeem: 1.Buka aplikasi Gojek 2.Masuk ke menu Promos 3.Masukkan kode: GODRAMAHC 4.Nikmati potongan spesialnya! #GojekxSinology #GODRAMAHC #gojek #vouchergojek #voucher https://t.co/Y8oF1izZtW,gojek sinology teater guna kode unik godramahc cara redeem buka aplikasi gojek masuk menu promos masuk kode godramahc nikmat potong spesial,netral
gojek bisa pesen 2 driver dlm satu aplikasi gk?,gojek sen driver dlm satu aplikasi,netral
@brontosaaurus @dickyssanjaya @efenerr Bukan gitu kak emang aku ga mau nambah aplikasi yg aku install aja. Buat ewallet aku udah merasa cukup shopeepay sama ovo. Karena ekosistem gopay apps lain kayak gojek aku ga pake. Jd aku males install banyak2 apps,bukan gitu kak emang aku mau nambah aplikasi aku install aja buat ewallet aku udah rasa cukup shopeepay sama ovo ekosistem gopay apps kayak gojek aku pake aku males install banyak apps,netral
@linebankid hai kak saya pesan gocar di aplikasi gojek 2 kali dg pembayaran online debit linebank. Yg pertama dibatalkan dari pihak gojek karena sistem yang error. Tapi kenapa di linebank transaksi tetap terhitung 2 kali ya? Saldo saya pun juga terpotong 2 kali bgmn ya kak?,hai kak pesan gocar aplikasi gojek kali bayar online debit linebank pertama batal pihak gojek sistem error linebank transaksi tetap hitung kali saldo potong kali bgmn kak,netral
@gojekindonesia halo kak saya pesan gocar di aplikasi 2 kali. Yg pertama dibatalkan dari pihak gojek karena sistem yang error. Tapi kenapa transaksi tetap terhitung 2 kali ya? Saldo saya pun juga terpotong 2 kali. Please sistemnya diperbaiki ini kejadian bkn yg pertama kalinya,halo kak pesan gocar aplikasi kali pertama batal pihak gojek sistem error transaksi tetap hitung kali saldo potong kali please sistem baik jadi bkn pertama kali,netral
@crynptr02 Selamat pagi Kak. Metode pembayaran tersebut saat ini belum bisa digunakan sebagai tiket commuter line ya Kak alternatif bisa menggunakan aplikasi C-acces/Access by KAI/Gojek (Gotransit) untuk pembelian tiket via scan QR code ya tks.,selamat pagi kak metode bayar sebut guna tiket commuter line kak alternatif guna aplikasi caccesaccess kaigojek gotransit beli tiket via scan code tks,negatif
 Gojek x Sinology Teater Gunakan kode unik: *GODRAMAHC* Cara redeem: 1.Buka aplikasi Gojek 2.Masuk ke menu Promos 3.Masukkan kode: GODRAMAHC 4.Nikmati potongan spesialnya! #GojekxSinology #GODRAMAHC https://t.co/HbAH09sOZm,gojek sinology teater guna kode unik godramahc cara redeem buka aplikasi gojek masuk menu promos masuk kode godramahc nikmat potong spesial,netral
-11fess Cara redeem: 1.Buka aplikasi Gojek 2.Masuk ke menu Promos 3.Masukkan kode: GODRAMAHC 4.Nikmati potongan spesialnya!,fess cara redeem buka aplikasi gojek masuk menu promos masuk kode godramahc nikmat potong spesial,netral
ogut rasa2 PROVIDER OL spt GOJEK GRAB dkk mengarah ke #LintahDaratOnline. mrk bebankn user dg JASA PELAYANAN juga mrk seenak k*****nya bebankn JASA APLIKASI kpd kustomer. Padahal itu adalah core tool milik mrk. No APPS NO BUSINESS! .. zu fortsetzen ..,ogut rasa provider spt gojek grab dkk arah mrk bebankn user jasa layan mrk enak knya bebankn jasa aplikasi kpd kustomer padahal core tool milik mrk apps business fortsetzen,netral
emg ratingnya jelek sih 4.4 mana bawa2 aplikasi ojol lain dia blg yang lain jg sering aja minta naikkan DIH DIKIRA AKU BARU PERTAMA KAH PAKE GRAB GOJEK MAXIM GITU emg sifatmu aja yg jelek Arman!,emg ratingnya jelek sih mana bawa aplikasi ojol blg sering aja minta naik dih kira aku baru pertama pake grab gojek maxim gitu emg sifat aja jelek arman,negatif
@unsoedmfs Bantu jawab ya nder di aplikasi gojek/grab untuk uang parkir sudah di tambahkan otomatis saat order gacoan kalo sopi belum ada uang parkir dari aplikasinya,bantu jawab nder aplikasi gojekgrab uang parkir tambah otomatis order gaco kalo sopi uang parkir aplikasi,netral
baru kali ini ditolak driver gojek gara-gara dia ngambek sama aplikasi gojeknya. gue pesen gosend sore ini order langsung dapet. gue tungguin hampir 15 menit ga sampe-sampe. gue chat abangnya lama dibales. dibalesnya pake vn intinya dia ngambek sama gojek krn dapet 2 orderan ,baru kali tolak driver gojek garagara ngambek sama aplikasi gojek gue sen gosend sore order langsung dapet gue tungguin hampir menit sampesampe gue chat abang lama dibales dibalesnya pake inti ngambek sama gojek krn dapet order,negatif
bener bener harus kuat kalau vote sebong. karena iklan yg di dapet itu kalau gak gojek grab fizzo ya pinjol.. mana kadang suka otomatis kebuka aplikasi nya,bener bener kuat kalau vote bong iklan dapet kalau gak gojek grab fizzo pinjol mana kadang suka otomatis buka aplikasi nya,netral
gara-gara hujan tp pengen makan akhirnya gofood aja pake promo buat gofood. jadi ngga boros juga krn dapet diskon dari GOTEDXPU sama pake PASTIADAJALAN di aplikasi Gojek. and finally bisa lanjut nugas yg numpuk itu... https://t.co/nS2m1u2Zje,garagara hujan ken makan akhir gofood aja pake promo buat gofood jadi ngga boros krn dapet diskon gotedxpu sama pake pastiadajalan aplikasi gojek and finally lanjut nugas numpuk,netral
Kalau orang tua kamu udah berangkat Ibadah Haji tetep bisa kok dibeliin paket TRI Ibadah. Di aplikasi Gojek paket roaming #TriLebihHematSinyalCepat ini lagi promo hemat sampai 50 ribu! Klik https://t.co/PwEkiml1Zy atau buka aplikasi Gojek-mu sekarang! #IniWaktunyaKita https://t.co/GW88wazmNf,kalau orang tua kamu udah berangkat ibadah haji tetep kok dibeliin paket tri ibadah aplikasi gojek paket roaming promo hemat ribu klik buka aplikasi gojek sekarang,positif
@gopayindonesia @gojekindonesia tolong dong ini begimana ceritanya di aplikasi gopay saldo ada masuk tapi di aplikasi gojek saldonye kagak masuk kagak ada??? Mau makan enii laper https://t.co/dcWCcvXCOj,dong begimana cerita aplikasi gopay saldo masuk aplikasi gojek saldonye kagak masuk kagak mau makan enii laper,netral
yang mau cobain bisa langsung ke outlet Hangry atau order lewat aplikasi online gojek disini ⤵️ https://t.co/EE7GvGpQsE,mau cobain langsung outlet hangry order lewat aplikasi online gojek sini,netral
@ajudanmikey Selamat siang Kak. Guna kami lakukan pengecekan dan teruskan ke unit terkait mohon beritahu waktu (tanggal &amp; jam) kejadian dan nomor telepon akun aplikasi Gojek tersebut. Tks.,selamat siang kak laku kece terus unit kait mohon beritahu waktu tanggal amp jam jadi nomor telepon akun aplikasi gojek sebut tks,negatif
PEREMPUAN HEBAT ITU BERNAMA Lutfy Azizah (Cerita dibalik Aplikasi Zendo gojek ala Muhammadiyah) Oleh: Dahlan Iskan Jumat 30-05-2025 (Lutfy Azizah foto bersama Keluarga Zendo Tulungagung) Muhammadiyah punya Zendo. Sudah beroperasi di 27 kota/kabupaten. Tanggal 1 Juni besok https://t.co/8LcJDx70jl,perempuan hebat nama lutfy azizah cerita balik aplikasi zendo gojek ala muhammadiyah dahlan iskan jumat lutfy azizah foto sama keluarga zendo tulungagung muhammadiyah punya zendo operasi kotakabupaten tanggal juni besok,netral
lagi buru-buru pas mau pulkam? tenang #PASTIADAJALAN bareng GoRide bisa dapet diskon s.d. 30ribu pake kode promo GOSTASIUN di aplikasi Gojek jangan lupa juga pake kode referal GOECOFAIR promonya lumayan banget buat anak kost kayak aku #GSKSOLO2025 @gojekindonesia https://t.co/5mlsLlqW5h,buruburu pas mau pulkam tenang bareng goride dapet diskon ribu pake kode promo gostasiun aplikasi gojek jangan lupa pake kode referal goecofair promonya lumayan banget buat anak kost kayak aku,netral
akhirnya coba pesen lagi berharap dapet driver yang beda tapi ternyata driver itu lagi. tanpa babibu langsung aku batalin dan download aplikasi gojek,akhir coba sen harap dapet driver beda nyata driver babibu langsung aku batalin download aplikasi gojek,netral
@polisiidol2nd gopub diresmikan pada tanggal 1 April 2015 sebagai layanan pesan antar makanan dan marketplace makanan berbasis aplikasi yang diintegrasikan dengan aplikasi Gojek.,gopub resmi tanggal april layan pesan antar makan marketplace makan bas aplikasi integrasi aplikasi gojek,netral
mw makan tapi mager banget. untungnya #PASTIADAJALAN untuk gofood. jadi ngga boros juga krn dapet diskon pake kode promo PASTIADAJALAN lalu pake kode GOECOFAIR di aplikasi Gojek. Perut dan kantong aman deh. #GSKSOLO2025 @gojek_soloraya https://t.co/OID5Had7ve,makan mager banget untung gofood jadi ngga boros krn dapet diskon pake kode promo pastiadajalan lalu pake kode goecofair aplikasi gojek perut kantong aman deh,netral
@yuneatskids ternyata cuman di aplikasi gojek...,nyata cuman aplikasi gojek,netral
Mau vidcall atau telpon keluarga kapan aja selama Ibadah Haji pasti lancar kalau ditemenin paket TRI Ibadah. Karena #TriLebihHematSinyalCepat beneran bisa bikin ibadah kamu makin tenang karena bisa terus berkabar dengan keluarga di rumah. Beli paketnya melalui aplikasi Gojek https://t.co/G2wJ2jqpd7,mau vidcall telpon keluarga kapan aja lama ibadah haji lancar kalau ditemenin paket tri ibadah beneran bikin ibadah kamu makin tenang terus kabar keluarga rumah beli paket lalu aplikasi gojek,positif
Tolong dong gojek cantumkan harga yg pantas di aplikasi. Supaya ga ada driver yg beralasan lg kalau harga di aplikasi itu salah dan minta uang lebih. Karna jarak jauh jg bilang ga ada uang utk bensin. Asli mau bgt ngelaporin. Tp ga tega liat bacaan bakal sampai putus mitra,dong gojek cantum harga pantas aplikasi driver alas kalau harga aplikasi salah minta uang lebih karna jarak jauh bilang uang utk bensin asli mau bgt ngelaporin tega liat baca bakal putus mitra,netral
@Magdharegaaa Agak repot dikit sih soalnya aku harus buka aplikasi gojek terus milih menunya yang apa. Kalo gak salah suka chocolate cookies smoothies / sunday chocolate ya(?) Terus harus nyantumin nomor WA-nya incess yang kayaknya udah ganti biar drivernya bisa hubungin kalo nyasar. Hehe,repot dikit sih soal aku buka aplikasi gojek terus milih menu apa kalo gak salah suka chocolate cookies smoothies sunday chocolate terus nyantumin nomor wanya incess kayak udah ganti biar drivernya hubungin kalo nyasar hehe,netral
eh kok perasaan harga es krim mixue naik harga ya?? perasaan dulu sekitar 16rb sekarang jdi 22rb utk sundae nya apa cmn di aplikasi gojek ?,kok asa harga krim mixue naik harga asa dulu sekarang jdi utk sundae nya apa cmn aplikasi gojek,netral
Kabar gembira buat yang punya aplikasi gojek nih!!! ada promo seru buat kalian caranya: 1. ketik kode HWJELISYAMLG 2. klaim kode PASTIADAJALAN dapetin promo seru yang DAR DER DOR #GOJEKINDONESIA #promogojek #pastiadajalan #voucher #weekendvibes #zonauang #zonajajan,kabar gembira buat punya aplikasi gojek nih promo seru buat kalian cara ketik kode hwjelisyamlg klaim kode pastiadajalan dapetin promo seru dar der dor,netral
@napnapppppppppp aplikasi gojek pas lagi ngojek,aplikasi gojek pas ngojek,netral
[RESTOCK] VOUCHER PROMO PAKAI GORIDE DISKON 90% !! GO47PVTNX7UF GORIDEAJA [CEPETAN REDEEM SEBELUM KEHABISAN] Redeem di aplikasi gojek atau bisa langsung klik link https://t.co/YxSBhCXdy5 https://t.co/aaAiNKRIJB,restock voucher promo pakai goride diskon gopvtnxuf gorideaja cepetan redeem habis redeem aplikasi gojek langsung klik link,netral
@maik91029288 @CutSarina5 Gojek yg namanya PT Aplikasi Karya Anak Bangsa lu pikir didirikan dimana? Di Singapur jg dodol.,gojek nama aplikasi karya anak bangsa pikir diri singapur dodol,netral
@__PASMANTAP Sekalian aplikasi gojek nya di matiin aja biar pada nganggur dan biar ada konten baru,sekali aplikasi gojek nya matiin aja biar nganggur biar konten baru,positif
Ini aplikasi gojek kenapa dah?! @gojekindonesia https://t.co/eO3vUw84D4,aplikasi gojek dah,netral
beneran dosaa kasian ayahku sama mamaku mau ke gambir ditolak gocar 6x ada kayaknya tadi trus aku suruh cari gojek yg lagi berhenti deket daerah travel itu akhirnya ditembak 50k padahal di aplikasi 25k trs sendiri2 naik gojek motor untungnya ga hujan,beneran dosaa kasi ayah sama mama mau gambir tolak gocar kayak tadi trus aku suruh cari gojek henti deket daerah travel akhir tembak padahal aplikasi trs sendiri naik gojek motor untung hujan,netral
@piyesj jir samaaa. senen-tn abang pun chaos. sampe gue turun pesen gojek gada yg pickup2 mana buru2 ngejer jam krl untung bgt ada satpam baik nyariin gojek pinggir2 jalan yg mau ngangkut gue tanpa aplikasi HUHU,jir samaaa senentn abang chaos sampe gue turun sen gojek gada pickup mana buru ngejer jam krl untung bgt satpam baik nyariin gojek pinggir jalan mau ngangkut gue aplikasi huhu,netral
Pagi tadi berangkat kerja pakai KRL di teruskan naik Gojek sampai kantor. Masyaallah di aplikasi bapaknya udah kerja 9 5 tahun. Lebih dari 27 ribu trip ditempuh sama beliau. Saya bertahan karena ngga punya pilihan lain juga bang cerita bapak dengan tetap tersenyum.,pagi tadi berangkat kerja pakai krl terus naik gojek kantor masyaallah aplikasi bapak udah kerja tahun lebih ribu trip tempuh sama beliau tahan ngga punya pilih bang cerita bapak tetap senyum,netral
Nunggu gojek hampir 1 jam menjelang sampai eh dicancel sama driver. Atau jangan2 gangguan aplikasi?,nunggu gojek hampir jam jelang dicancel sama driver jangan ganggu aplikasi,netral
Pelanggaran Batas Potongan Aplikasi Salah satu isu utama yang diangkat adalah dugaan pelanggaran terhadap Kepmenhub KP No. 1001 Tahun 2022 yang menetapkan batas maksimal potongan aplikasi sebesar 20 persen. #arahangin #tvri #ojol #driver #gojek #grab #aplikator https://t.co/m2SzesI9LG,langgar batas potong aplikasi salah satu isu utama angkat duga langgar kepmenhub tahun tetap batas maksimal potong aplikasi besar persen,netral
 Cara pakai: 1.Buka aplikasi Gojek 2.Masuk ke menu Promosi 3.Masukin kodenya 4.Klik Redeem dan promo langsung aktif! Buruan Klaim Kode Promonya!! keburu habis,cara pakai buka aplikasi gojek masuk menu promosi masukin kode klik redeem promo langsung aktif buru klaim kode promonya keburu habis,netral
Silahkan untuk REPOST POSTINGAN INI KE STORY IG lalu MENTION @bnifinance.id &amp; DM/Message kami: * Bukti Screenshot FOLLOW ALL SOSMED BNI FINANCE &amp; REPOST STORY IG * Nama Lengkap * No Telepon yg terdaftar pada aplikasi Gojek/OVO (Jangan lupa untuk memberikan keterangan OVO/GOPAY),silah repost postingan story lalu mention amp dmmessage bukti screenshot follow all sosmed bni finance amp repost story nama lengkap telepon daftar aplikasi gojekovo jangan lupa beri terang ovogopay,netral
@tlawodbs__ @gojekindonesia @gojekindonesia driver gojek lainnya udh bantuin buat lapor dan urus urus tp dri aplikasi gojeknya gada pilihan buat laporin sexual harassment,driver gojek lain udh bantuin buat lapor urus urus dri aplikasi gojek gada pilih buat laporin sexual harassment,netral
Ini sekarang gojek kalau mau ngajuin keluhan ke mana ya? @gojekindonesia sosmednya udah ngga ngebalas keluhan soalnya mau ajuin tiket manual di aplikasi gojek harus ada transaksi dulu padahal aku udah topup gopay 150rb ga ada yang masuk ke wallet.,sekarang gojek kalau mau ngajuin keluh mana sosmednya udah ngga ngebalas keluh soal mau ajuin tiket manual aplikasi gojek transaksi dulu padahal aku udah topup gopay masuk wallet,positif
@CommuterLine min cara top up KMT via aplikasi gojek tuh gimana ya? saya mau nyoba tp di gojek nya gada pilihan top up KMT ,min cara top kmt via aplikasi gojek tuh gimana mau nyoba gojek nya gada pilih top kmt,positif
Dukung SMA Kolombo dalam School Creative Hub ya dan dapatkan voucher diskon menarik khusus daerah Jogja melalui aplikasi Gojek dengan gunakan kode promo SMAKOLOMBOJOG Khusus go-ride atau go-food ya dan berlaku hingga 30 Juni 2025 #gojek #kodepromo #schoolcreativehubgojek https://t.co/UJzcF07hPx,dukung sma kolombo school creative hub dapat voucher diskon tarik khusus daerah jogja lalu aplikasi gojek guna kode promo smakolombojog khusus goride gofood laku hingga juni,netral
Alternatif Web Aplikasi Transportasi Gojek untuk Komunitas Lokal https://t.co/CqmozGSvx0,alternatif web aplikasi transportasi gojek komunitas lokal,netral
@ohaewow Ada yang namanya aplikasi Gojek. ,nama aplikasi gojek,netral
@gojekindonesia @gopayindonesia Saldo saya kok ga nambah setelah top up ini ada riwayat transaksi nya loh nambah di aplikasi gojek nya tapi saldo ga nambah kasian kucing saya sampe kesel gini nungguin mau beli makan https://t.co/ozDijno4Jm,saldo kok nambah top riwayat transaksi nya loh nambah aplikasi gojek nya saldo nambah kasi kucing sampe kesel gin nungguin mau beli makan,positif
beliin temen gue kue ulangtahun lewat gojek tp kelupaan pencet bayar pake gopay anjir mana abangnya gada chat apa apa samsek cuma sesuai aplikasi ya kak jadi temen gue bayar sendiri yaAllah ‍‍‍,beliin temen gue kue ulangtahun lewat gojek lupa pencet bayar pake gopay anjir mana abang gada chat apa apa samsek cuma sesuai aplikasi kak jadi temen gue bayar sendiri yaallah,netral
@iamalordyeaa GoPay dan Go-Pay merujuk pada layanan dompet digital yang sama dari Gojek di Indonesia digunakan untuk transaksi di aplikasi Gojek dan merchant. Tidak ada perbedaan fungsional antara keduanya. Sumber resmi seperti situs Gojek dan GoPay selalu menggunakan GoPay tanpa tanda,gopay gopay rujuk layan dompet digital sama gojek indonesia guna transaksi aplikasi gojek merchant beda fungsional dua sumber resmi situs gojek gopay selalu guna gopay tanda,netral
fix apa gue apus aja ya aplikasi gojek itu demi kewarasan https://t.co/CgR1Hin8C1,fix apa gue apus aja aplikasi gojek waras,netral
Drama malam ini - baru landing jam 9 malem langsung lembur deadline sampe jam 12 malem - naik bis terakhir dari bandara ke Depok - terdampar di Margonda gegara ga ada gojek yang mau nganter ke Tajurhalang - deal sama abang gojek di luar aplikasi harganya gua naikin https://t.co/pTpa2mvGVU,drama malam baru landing jam malem langsung lembur deadline sampe jam malem naik bis akhir bandara depok dampar margonda gegara gojek mau nganter tajurhalang deal sama abang gojek luar aplikasi harga gua naikin,netral
@undipmfs Iya gojek makin kesini makin kesana. Apa harus ganti aplikasi ya yg lebih ramah di kantong :(,iya gojek makin kesini makin kesana apa ganti aplikasi lebih ramah kantong,netral
Halo gaisss ada yang mau barter kuisioner? kriteriaku pernah menggunakan aplikasi gojek. Kalau mau barter boleh rep atau DM langsung ya ,halo gaisss mau barter kuisioner kriteria pernah guna aplikasi gojek kalau mau barter rep langsung,netral
@gofoodindonesia Hai @gofoodindonesia aku sudah buka Aplikasi Gojek dan Cek DiGoFood PESTA KULINER ‍️ jawabannya: Banting Harga Jadi didalamnya itu ada menu-menu best pilihan yang lagi banting harga dan wajib banget dicoba @whymeeast @haniyybisa @wida_nica93 #PestaKulinerGoFood ️ https://t.co/VekqrQbkcn,hai aku buka aplikasi gojek cek digofood pesta kuliner jawab banting harga jadi dalam menumenu best pilih banting harga wajib banget coba,netral
@3Le4N012 Itu krn kesalahan yg dibikin gojek sendiri tujuannya biar pada tau itu potongan isinya apa aja akhirnya diganti tuh bahasa yg tadinya gojek deposit jadi by layanan+aplikasi Akhirnya duarrrrr malah rancu,krn salah bikin gojek sendiri tuju biar tau potong isi apa aja akhir ganti tuh bahasa tadi gojek deposit jadi layananaplikasi akhir duarrrrr malah rancu,netral
@sunffleea pernah dimintai uang buat ongkos. ngakunya abis jalan dari RS sampai ke lokasi kami ketemu itu. lumayan jauh. terus karena kasian tapi mau jaga2 jadinya kutawari order gojek. alamat ibu mana? sambil buka aplikasi uang aja lah. yaudah.,pernah minta uang buat ongkos ngakunya abis jalan lokasi ketemu lumayan jauh terus kasi mau jaga jadi tawar order gojek alamat ibu mana buka aplikasi uang aja lah yaudah,negatif
selalu nyari excuses biar bisa kemana2 sendiri lebih milih naik gojek drpd dianter jemput sama aki skrg ak benci liat aplikasi gojek ,selalu nyari excuses biar sendiri lebih milih naik gojek drpd anter jemput sama aki skrg benci liat aplikasi gojek,netral
@strawberrieds Download aja aplikasi gopay nya. Bukan gojek nanti klik aja bagian promo game. Klaim2 dulu biasanya pengguna baru banyak tuh promonya,download aja aplikasi gopay nya bukan gojek klik aja bagi promo game klaim dulu biasa guna baru banyak tuh promonya,netral
Setelah ada gojek semua berubah. Gua pulang nyantai. Dari sekolah ke rumah cuma 12ribu (jaraknya sekitar 8 km). Sejak itu gua selalu pakai gojek dan gak pernah ganti ke aplikasi lain.,gojek semua ubah gua pulang nyantai sekolah rumah cuma ribu jarak sejak gua selalu pakai gojek gak pernah ganti aplikasi,netral
terpaksa menggunakan grab ketika gojek lagi maintenance gojek menurut saya lebih bagus dari tampilan beda jauh grab nih lucu dan aneh bisa bisanya ada Ad app language udah diganti Indonesia masih ada englishnya aplikasi banyak kekurangannya nih grab menurutku,paksa guna grab gojek maintenance gojek lebih bagus tampil beda jauh grab nih lucu aneh bisa app language udah ganti indonesia englishnya aplikasi banyak kurang nih grab turut,positif
 Cara Atasi Kendala Top Up Pulsa Tri: 1. Cek saldo rekening &amp; pastikan cukup 2. Restart HP coba top up ulang 3. Coba top up di aplikasi berbeda (misal Gojek Dana atau Shopee) 4. Hubungi CS @3careindonesia melalui WA Semoga berhasil!,cara atas kendala top pulsa tri cek saldo rekening amp pasti cukup restart coba top ulang coba top aplikasi beda misal gojek dana shopee hubung lalu moga hasil,positif
@ardisatriawan Gimana kalau ada BUMN yg bikin aplikasi kayak Gojek atau Grab. BUMN tsb gak usah cari keuntungan banyak yang penting bisa kasih pekerjaan warganya sebagai driver ojol dgn ketentuan yg manusiawi dan menguntungkan driver.,gimana kalau bumn bikin aplikasi kayak gojek grab bumn tsb gak usah cari untung banyak penting kasih kerja warga driver ojol dgn tentu manusiawi untung driver,netral
Ada apakah dengan aplikasi gojek di jam 23.30 sampai di jam 05.30,aplikasi gojek jam jam,netral
dikira bikin aplikasi ojek sesimple jadi doang anying ? belum maintenance server belum bayar API google maps belum lagi server harus jalan 24/7 mana mau bikin tanpa potongan lagi. makanya kan gojek keuangannya minus mulu karna banyak pengeluaran tpi sering didemo kasian wkwk https://t.co/cTii5jcNE6,kira bikin aplikasi ojek sesimple jadi doang anying maintenance server bayar api google maps server jalan mana mau bikin potong makanya kan gojek uang minus mulu karna banyak keluar tpi sering demo kasi wkwk,netral
Kalau driver Bluebird yang juga menggunakan aplikasi itu statusnya karyawan kenapa driver Gojek dan Grab statusnya mitra?,kalau driver bluebird guna aplikasi status karyawan driver gojek grab status mitra,netral
1. hampir naik eskalator turun di LRT 2. tapcash ilang ga nyadar 3. nyasar cari pintu keluar malah balik ke pintu masuk 4. malah mau naik gojek punya orang 5. mau aja lg dianterin gojek tanpa aplikasi untung ga diculik.. sumpah kyknya gua gabisa pergi sendiri untuk sementara,hampir naik eskalator turun lrt tapcash ilang nyadar nyasar cari pintu keluar malah balik pintu masuk malah mau naik gojek punya orang mau aja dianterin gojek aplikasi untung culik sumpah kyknya gua gabisa pergi sendiri,netral
@Pip1902 @papanberjalan Adegan berbahaya aplikasi gojek backend nya ...ahh ,adegan bahaya aplikasi gojek backend nya ahh,netral
@masbuled Naik krl bisa pake emoney dr bank mandiri brizi dr BRI tapcash dari BNI flazz dari BCA. Dan juga bisa pake aplikasi gojek namanya Go-Transit. Fitur go transit akan muncul apabila ada di area yg ada stasiun KRL. Klo msh di Karawang ga ada. Tp lbh enak pake kartu emoney sih,naik krl pake emoney bank mandiri brizi bri tapcash bni flazz bca pake aplikasi gojek nama gotransit fitur transit muncul apabila area stasiun krl klo msh karawang lbh enak pake kartu emoney sih,netral
@kompascom Seharusnya ini masalah internal bisnis karena ojek itu mitra dari aplikasi gojek bmc nya gitu wkwkwk. Meminta pemerintah intervensi karena rakyat kecil seharusnya bisa di sampaikan secara internal karena gojek itu bisnis sektor swasta.,masalah internal bisnis ojek mitra aplikasi gojek bmc nya gitu wkwkwk minta perintah intervensi rakyat kecil sampai internal gojek bisnis sektor swasta,netral
Wahai Driver Ojol Grab dan Gojek di Seluruh RI Ada Kabar Baik Buat Anda Semua Wajib Tahu Simak! Sumber: - https://t.co/MVKEFvSo99 https://t.co/8TLcDxx5Xy Dibagikan melalui Aplikasi Google,wahai driver ojol grab gojek seluruh kabar baik buat semua wajib tahu simak sumber bagi lalu aplikasi google,netral
@__MRaZ @gojekindonesia Kasih feedback langsung di aplikasi buruk/kurang baik &gt;&gt; penjemputan terlalu jauh.,kasih feedback langsung aplikasi burukkurang baik gtgt jemput terlalu jauh,negatif
@hoonieeaJJ Selamat sore QRIS Tap saat ini belum bisa digunakan sebagai tiket commuter line ya kak alternatif bisa unduh aplikasi c-acces/access by KAI/Gojek (Gotransit) untuk pembelian tiket via scan QR code ya tks.,selamat sore qris tap guna tiket commuter line kak alternatif unduh aplikasi caccesaccess kaigojek gotransit beli tiket via scan code tks,negatif
ok but aplikasi gojek masuk di dynamic island sangat ngebantu,but aplikasi gojek masuk dynamic island sangat ngebantu,netral
Mau makan enak dan murah? GoFood solusinya Buruan cek aplikasi gojek kalian sekarang dan borong pas tanggal 26 Mei jam 8 pagi 2 siang dan 8 malam! Diskon up to 70% loh . Tunggu apalagi? Cek buruan menu favorit kalian sekarang! Karena gofood lagi ngadain Brand Day. #brandday https://t.co/cQz5ZWKoA2,mau makan enak murah gofood solusi buru cek aplikasi gojek kalian sekarang borong pas tanggal mei jam pagi siang malam diskon loh tunggu cek buru menu favorit kalian sekarang gofood ngadain brand day,netral
@MRifaiTamam @kompascom Cara nya adalah user aplikasi itu harus berkurang drastis klo perlu ga ada yg pake lagi atau muncul aplikasi bru yg smua driver pindah kesitu yg ngebuat user app grab/gojek hilang. Pasti ntar d turunin entah promo entah % ptongan berkurang.. Tp itu ga akn mgkin atau susah,cara nya user aplikasi kurang drastis klo perlu pake muncul aplikasi bru smua driver pindah kesitu ngebuat user app grabgojek hilang ntar turunin entah promo entah ptongan kurang akn mgkin susah,netral
@tunaable Kalo dari cisauk mau gojek/gocar juga sabi andaikan antrian intermoda bis terlalu DUAR DUARR. Jaraknya gak nyampe 7km kalo di map. Masih terjangkau laa (tetep dari aplikasi yaa kalo langsung ntar digetok),kalo cisauk mau gojekgocar sabi andai antri intermoda bis terlalu duar duarr jarak gak nyampe kalo map jangkau laa tetep aplikasi yaa kalo langsung ntar getok,netral
udh lama ga pake gojek trs td kaget pas mau mesen malah keluar kode bukan lgsg dpet drivernya ini w suru nyamperin drivermya?? aplikasi kocak,udh lama pake gojek trs kaget pas mau mesen malah keluar kode bukan lgsg dpet drivernya suru nyamperin drivermya aplikasi kocak,negatif
@DharmaZyn @solehudien30 @kompascom Kalau jawaban saya mungkin karena promo yang dilempar belum lagi potongan. saya kalau pakai gojek itu bayarnya cash nah kadang ada promo gitu dan biaya menjalankan server aplikasi itu gak murah ~,kalau jawab mungkin promo lempar potong kalau pakai gojek bayar cash nah kadang promo gitu biaya jalan server aplikasi gak murah,netral
@OH_hhhayou @tsaaaahhhhh @zeexcellent aku tadi coba bisa ka download aplikasi gopay (bukan gojek) klo blm punya,aku tadi coba download aplikasi gopay bukan gojek klo blm punya,netral
@vic_hasiholan @PerkututPutih @kompascom ya kan tinggal mereka keluar dan bikin aplikasi sendiri kenapa masih ada di gojek atau grab kalo merasa mampu bikinlah jangan omdo doang,kan tinggal keluar bikin aplikasi sendiri gojek grab kalo rasa mampu bikin jangan omdo doang,netral
@NenkMonica Dari pada 217 T kebanyakan jd nasi basi mending bikin aplikasi spt gojek yg dikelola oleh pemerintah biar orangtuanya dpt duit utk anak2nya bisa makan bergizi sekeluarga drpd aplikator swasta meres keringat rakyat dgn potongan gila2an ditambah banyaknya phk dan pengangguran.,banyak nasi basi mending bikin aplikasi spt gojek kelola perintah biar orangtuanya dpt duit utk anak makan gizi keluarga drpd aplikator swasta meres keringat rakyat dgn potong gila tambah banyak phk anggur,netral
@kompascom Susah sistem nya sih.. Ojol nyerap bnyak tenaga kerja tp mreka adalah perushaan aplikasi bukan transportasi.. Mreka bkan mempekerjakan ojol tp anggap driver sbgai mitra yg pake app mreka shingga bukan karyawan gojek/grab tp mitra.. Susah nya disana.. ga akan bs slesai.....,susah sistem nya sih ojol nyerap bnyak tenaga kerja mreka perushaan aplikasi bukan transportasi mreka bkan kerja ojol anggap driver sbgai mitra pake app mreka shingga bukan karyawan gojekgrab mitra susah nya sana slesai,netral
@BosPurwa Ribet ya. pemerintah aja buat aplikasi ojol biar tau untung ruginya juga biar rakyat terbantu. Gojek aja skrg msh merugi belum pernah untung dari awal. Aplikator jg salah normalisasi harga murah dari awal lewat promo dll. Asumsi rakyat harga murah padahal bakar duit..wkwk,ribet perintah aja buat aplikasi ojol biar tau untung rugi biar rakyat bantu gojek aja skrg msh rugi pernah untung awal aplikator salah normalisasi harga murah awal lewat promo asumsi rakyat harga murah padahal bakar duitwkwk,netral
@kompascom Customer dimntain tmbah biaya² aplikasi dsb.. driver krna potong diluar biaya tmbahn itu... Yg jelas gojek sdh dpt 20% dri uang driver. Yg perlu dtnyakan &amp; diaudit adalah biaya² tmbahn itu uh dibebankan pelanggan. Krna yg disnilah bsa tmban cuan gojeknya jdi bkan 20% lgi dri awal,customer dimntain tmbah biaya aplikasi driver krna potong luar biaya tmbahn jelas gojek sdh dpt dri uang driver perlu dtnyakan amp audit biaya tmbahn beban langgan krna disnilah bsa tmban cuan gojek jdi bkan lgi dri awal,netral
@Heraloebss Aplikasi ijo itu apa? Gojek? Grabfood? Asli gak paham. ,aplikasi ijo apa gojek grabfood asli gak paham,netral
Ojol Ditolong Ditodong Aplikasi https://t.co/I0CZauooth Tech bro itu gw perhatikan pada ngga ngerti masalah orisinalitas. Ketauan dari glorifikasi AI. Skrg dari tingkah app Gojek Grab dsb. keliatan tech bro ini pada ga ngerti urusan potongan upah yg manusiawi.,ojol tolong todong aplikasi tech bro perhati ngga ngerti masalah orisinalitas tau glorifikasi skrg tingkah app gojek grab liat tech bro ngerti urus potong upah manusiawi,netral
@kimmyexp ini harus di aplikasi gopay? gak ada di aplikasi gojek?,aplikasi gopay gak aplikasi gojek,netral
@kompascom dari dulu kubilang yg masih ada aplikasi gojek (consumen) di hp nya itu orang kaya,dulu bilang aplikasi gojek consumen nya orang kaya,netral
@kompascom mereka pengusaha pak bukan dermawan gak mungkin disuruh omsetnya UMR buat mereka Pemerintah harus bikin aplikasi gojek sendiri dong,usaha pak bukan dermawan gak mungkin suruh omset umr buat perintah bikin aplikasi gojek sendiri dong,netral
@chiakipx Grab dan gojek merger gak ada yang kehilangan pekerjaan. kecuali cuma orang kantornya yg berkurang... Drivernya tetap sama... Hahaha.... Asal elu tau ya kedua aplikasi ini pemilik sahamnya ada di Singapore...,grab gojek merger gak hilang kerja cuma orang kantor kurang drivernya tetap sama hahaha asal elu tau dua aplikasi milik saham singapore,netral
Dan aplikasi seperti gojek+tokopedia jika mampu mengolah data dan membuat efisien itu sangat-sangat bagus. Apalagi ada bantuan dari tiktok. Sayangnya....sayangnya kelihatan mikir cuman jangka pendek dan agak rakus ,aplikasi gojektokopedia mampu olah data buat efisien sangatsangat bagus bantu tiktok sayangnyasayangnya lihat mikir cuman jangka pendek rakus,positif
Nmr laporan 1925113114921869362 Terjadi lagi sistem @ShopeeID dan sistem kurir instan @gojekindonesia super jelek ‍ Pesanan di sistem Shopee belum kepickup tapi di aplikasi Gojek udah kepickup.,nmr lapor jadi sistem sistem kurir instan super jelek pesan sistem shopee kepickup aplikasi gojek udah kepickup,negatif
@BosPurwa DUKUNG PEMERINTAH BIKIN APLIKASI SEPERTI GOJEK DLL DENGAN POTONGAN 0 - 5% SAJA DARI PADA RAKYAT JADI SAPI PERAH APLIKATOR SWASTA DGN POTONGAN GILA2AN SEHUBUNGAN PEMERINTAH BELUM BISA MEMBUKA 19 JUTA LAPANGAN KERJA. INSHA ALLAH KEMISKINAN MENURUN DRASTIS 300RB/HARI RAKYAT DPT,dukung perintah bikin aplikasi gojek potong rakyat jadi sapi perah aplikator swasta dgn potong gila hubung perintah buka juta lapang kerja insha allah miskin turun drastis rbhari rakyat dpt,netral
@FPKSDPRRI PKS JIKA MAU MENANG PEMILU 2029 BIKINLAH APLIKASI SEPERTI GOJEK DLL UTK RAKYAT INDONESIA DENGAN POTONGAN CUKUP 5% SAJA DARI PADA RAKYAT JADI SAPI PERAH APLIKATOR SWASTA DGN POTONGAN GILA2AN SAMPAI 40-60% SEHUBUNGAN TINGGI NYA ANGKA PENGANGGURAN SAAT INI OJEKIN=OJEK INDONESIA,pks mau menang milu bikin aplikasi gojek utk rakyat indonesia potong cukup rakyat jadi sapi perah aplikator swasta dgn potong gila hubung tinggi nya angka anggur ojekinojek indonesia,netral
Ikuti tantangan #PastiAdaJalan! 1. Masukkan kode PASTIADAJALAN di aplikasi Gojek 2. Dapatkan kode unikmu 3. Ajak teman-temanmu untuk menggunakan kode unik tersebut saat bertransaksi di Gojek 4. Kumpulkan poin sebanyak-banyaknya! https://t.co/p1EnacTddl,ikut tantang masuk kode pastiadajalan aplikasi gojek dapat kode unik ajak temantemanmu guna kode unik sebut transaksi gojek kumpul poin sebanyakbanyaknya,netral
DESAK PEMERINTAH BIKIN APLIKASI SEPERTI GOJEK DENGAN POTONGAN 0 - 5% DARI PADA RAKYAT JADI SAPI PERAH APLIKATOR SWASTA DGN POTONGAN GILA2AN SEHUBUNGAN PEMERINTAH BELUM BISA MEMBUKA 19 JUTA LAPANGAN KERJA. DIJAMIN PRABOWO 2 PERIODE KL INI JADI.,desak perintah bikin aplikasi gojek potong rakyat jadi sapi perah aplikator swasta dgn potong gila hubung perintah buka juta lapang kerja jamin prabowo periode jadi,netral
@sosejeropa Bikin aplikasi gojek tanpa fee,bikin aplikasi gojek fee,netral
eh gojek knp sih gak bisa ngasih tips dari aplikasi tapi bayarnya pake debit langsung?? KEKK??? GUE MAU NGASIH TIPS TAPI GUE CASHLESS DAN GUE MALES ISI GOPAY,gojek knp sih gak ngasih tips aplikasi bayar pake debit langsung kekk gue mau ngasih tips gue cashless gue males isi gopay,netral
@unesa_fess ada tapi ga terlalu bisa diandalkan jujurly ada kaya gojek tp buatan anak unesa namanya nesaride lebih murah dikit dr aplikasi pake itu aja,terlalu andal jujurly kaya gojek buat anak unesa nama nesaride lebih murah dikit aplikasi pake aja,netral
Gojek menyatakan tengah mengkaji dampak usulan kenaikan tarif ojol hingga 15% bersama Kementerian Perhubungan termasuk usulan pemotongan biaya aplikasi sebesar 10% agar tetap menguntungkan pengemudi tanpa memberatkan penumpang. Simak selengkapnya: https://t.co/srzPh4bYcL https://t.co/RfUpdphuzi,gojek nyata tengah kaji dampak usul naik tarif ojol hingga sama menteri hubung masuk usul potong biaya aplikasi besar tetap untung kemudi berat tumpang simak lengkap,netral
@kacamataasoyy @PartaiSocmed 40 persen mungkin anda ikut promo. Coba dicek lagi . Gojek 20% plus biaya aplikasi 1000,persen mungkin ikut promo coba cek gojek plus biaya aplikasi,netral
@PartaiSocmed Biaya aplikasi gojek 2000 untuk pembeli dan 1000 penjual. Lalu shoppe Biaya aplikasi 5000 untuk pembeli saja. Kadang bingung kok aplikator mash belum mendaptkan keuntungan. Aneh banget dwetnya habis.,biaya aplikasi gojek beli jual lalu shoppe biaya aplikasi beli kadang bingung kok aplikator mash mendaptkan untung aneh banget dwetnya habis,netral
@PartaiSocmed Ni tum Simple nya gini. Kita di potong fee 20% setelah itu dibpotong 1000 biaya aplikasi. Knp setiap harusnya cukuo di ambil fee saja 20% tambah di potong apliksi. Pembeli san penjual di mintain biaya aplikasi. Gojek fee 20 % plus 1000 Shoppe 25% untuk yang daftar apkikas baru https://t.co/Ec0TqSTR2w,tum simple nya gin potong fee dibpotong biaya aplikasi knp harus cukuo ambil fee tambah potong apliksi beli san jual mintain biaya aplikasi gojek fee plus shoppe daftar apkikas baru,netral
@munvess Gak Nder w gak bisa nyetir soalnya sayang aplikasi Gojek dan Transjakarta aja tanpa mereka gue gak bisa ke mana-mana. ,gak nder gak nyetir soal sayang aplikasi gojek transjakarta aja gue gak manamana,netral
@kwetiaux @_rulayy @astromenggs Bisaa pake aplikasi gopay sendiri bukan lewat gojek,bisaa pake aplikasi gopay sendiri bukan lewat gojek,netral
@Djeantjook @cak_agoest @BiLLRaY2019 logika aja maxim inidriver dll muncul kapan? dia lakuin iklan bakar duit diawal sebesar aplikasi pioneer gak? aplikasi baru mah enak gausah promosi macem2 seperti yg udah dilakuin gojek grab. lagian kalo emang lebih untung maksim kenapa masih pada pake grab dan gojek? pindah aja,logika aja maxim inidriver muncul kapan lakuin iklan bakar duit awal besar aplikasi pioneer gak aplikasi baru mah enak gausah promosi macem udah dilakuin gojek grab lagi kalo emang lebih untung maksim pake grab gojek pindah aja,netral
@tanyakanrl sindir aja nder kek klo ada yg di gofood in ama pacarnya km. taro sw tapi khusus yg liat dia doang spam aja kek gitu wkwkwk hrsnya nyadar si aku klo ngode ke cowoku kek gtuu tpi ga pernah minta gofood karena dia buka aplikasi gojek aja ga ngerti,sindir aja nder kek klo gofood ama pacar taro khusus liat doang spam aja kek gitu wkwkwk hrsnya nyadar aku klo ngode cowoku kek gtuu tpi pernah minta gofood buka aplikasi gojek aja ngerti,netral
sesuai dengan nilai harga bayar auto debit yang gagal dari GoPay. bagong banget dah nih GoPay dan Google Play Store. yang aplikasi GoPay saja sudah drama banget fitur dan aksesnya bahkan driver GoRide juga pernah mengeluhkan phone lag karena wajib instal aplikasi GoJek Driver,sesuai nilai harga bayar auto debit gagal gopay bagong banget dah nih gopay google play store aplikasi gopay drama banget fitur akses bahkan driver goride pernah keluh phone lag wajib instal aplikasi gojek driver,netral
Ini kenapa ya min @gojekindonesia @gopayindonesia aku login aplikasi GoPay/GoJek malah keluar notif aplikasi ini perlu pembaruan cepat padahal aplikasi udah ak update ke versi terbaru. Udah coba install ulang juga tetep gabisa https://t.co/PGzYHVzglv,min aku login aplikasi gopaygojek malah keluar notif aplikasi perlu baru cepat padahal aplikasi udah update versi baru udah coba install ulang tetep gabisa,positif
@Zigewinne Oalah ini Gopay yang Gopay aplikasinya berarti ya bukan bawaan dari aplikasi Gojek... Makasih btw Zion!,oalah gopay gopay aplikasi arti bukan bawa aplikasi gojek makasih btw zion,netral
Gw aja baru pertama kemaren ngrasain naik krl di jkt. Cukup ribet krna di aplikasi KAI cuma bisa beli tiket buat 1 orang. Sedangkan gw ada anak. Jadi harus instal gojek harus instal gopay aduhh kebanyakan aplikasi. Padahal harusnya cukup pake KAI access aja loh,aja baru pertama kemaren ngrasain naik krl jkt cukup ribet krna aplikasi kai cuma beli tiket buat orang anak jadi instal gojek instal gopay aduhh banyak aplikasi padahal harus cukup pake kai access aja loh,netral
jujur gw gamasalah kalo pesen gojek dapet motor apapun tp nih masalahnya ga sesuai di aplikasi dan pijakannya meletet beteeee bangetttt️️️️️️️ orang nya juga ga ngomong kalo motor nya bedaa,jujur gamasalah kalo sen gojek dapet motor apa nih masalah sesuai aplikasi pijak meletet beteeee bangetttt orang nya ngomong kalo motor nya bedaa,netral
kalau grab drivernya kelihatan di lock screen kalau di gojek harus buka aplikasi dan merhatiin terus,kalau grab drivernya lihat lock screen kalau gojek buka aplikasi merhatiin terus,netral
@decaffevinated @appajeong Kalo liat dipostingan richeese ini ga bisa dibeli lewat aplikasi gojek atau grab kak harus beli sendiri take away/dine in,kalo liat dipostingan richeese beli lewat aplikasi gojek grab kak beli sendiri take awaydine,netral
@eytherimpact Selamat malam Kak. Apabila yang dimaksud Qris Tap saat ini belum bisa digunakan sebagai tiket Commuter Line ya kak alternatif bisa unduh aplikasi c-acces/access by KAI/Gojek (Gotransit) untuk pembelian tiket via scan QR code ya Kak. Tks.,selamat malam kak apabila maksud qris tap guna tiket commuter line kak alternatif unduh aplikasi caccesaccess kaigojek gotransit beli tiket via scan code kak tks,negatif
@daahgedee @maslov___ Betul tapi harus yg pake aplikasi gopay ya (bukan gojek) karna pernah temen hanya pake aplikasi gojek ga ketahuan berapa nominalnya.,betul pake aplikasi gopay bukan gojek karna pernah temen pake aplikasi gojek tahu berapa nominal,netral
@baker_abubu bilang siapa njir aplikasi gojek gw ga bunyi,bilang siapa njir aplikasi gojek bunyi,netral
halo @gopayindonesia kok saat membuka kamera untuk scan layar menghitam bahkan dari aplikasi gojek juga begitu padahal setting kamera sudah diizinkan untuk gopay dan gojek mohon bantu ya kaa https://t.co/3QPVzbsrqp,halo kok buka kamera scan layar hitam bahkan aplikasi gojek padahal setting kamera izin gopay gojek mohon bantu kaa,netral
jog aplikasi pinjaman yg bunga nya rendah apa ya? selain gojek dan sopi,jog aplikasi pinjam bunga nya rendah apa gojek sopi,netral
Driver Gojek-Grab Cs Tolak Kenaikan Tarif Ojol Desak Potongan Aplikasi jadi 10% https://t.co/xRQ3O0x9Pz,driver gojekgrab tolak naik tarif ojol desak potong aplikasi jadi,netral
@HAFIZH__22 @astromenggs ada yg baru pis di aplikasi gojek katanya,baru pis aplikasi gojek kata,netral
@Mdy_Asmara1701 lebih setuju potongan aplikator yang dikurangi. driver Gojek/Grab ketika dapat penumpang 1-4km. penumpang bayar 15ribu drivernya cuma terima 10ribu ( dikurangi potongan komisi biaya layanan biaya aplikasi),lebih tuju potong aplikator rang driver gojekgrab tumpang tumpang bayar ribu drivernya cuma terima ribu rang potong komisi biaya layan biaya aplikasi,netral
@shashadangaram @txtFromRoblox Aku pernah transaksi google play kaak masih dapet ituu Kakaknya punya aplikasi gopay atau gojek??,aku pernah transaksi google play kaak dapet ituu kakak punya aplikasi gopay gojek,netral
@tigiRED @gojekindonesia @tigiRED Sore Kak. Maaf kendalanya hanya saat akses aplikasi Gojek aja? Yuk DM nomor HP tanggal kejadian lokasi (kel kec kota) sama kalo ada 2 nomor lain yang ngalamin hal sama biar langsung kita cek. -Joan,sore kak maaf kendala akses aplikasi gojek aja yuk nomor tanggal jadi lokasi kel kec kota sama kalo nomor ngalamin sama biar langsung cek joan,netral
@astromenggs Bisa pakai aplikasi gopay guys. Gopay ya bukan gojek,pakai aplikasi gopay guys gopay bukan gojek,netral
@dandanrapi iya aplikasi ewallet-nya si GoPay ️ bukan app gojek,iya aplikasi ewalletnya gopay bukan app gojek,netral
@astromenggs pake aplikasi gopay aja kak easy to use hihi gopay ya bukan gojek,pake aplikasi gopay aja kak easy use hihi gopay bukan gojek,netral
@sawrcandies Selamat siang Kak. Perjalanan Commuter Line Yogyakarta pembelian dapat dilayani melalui aplikasi Gojek (menu GoTransit) pembayaran dengan Gopay maksimal bisa untuk 4 orang ya Kak. Tks.,selamat siang kak jalan commuter line yogyakarta beli layan lalu aplikasi gojek menu gotransit bayar gopay maksimal orang kak tks,negatif
@jiyulie Ini harus donlod aplikasi terpisah atau ada di dalam gojek? ,donlod aplikasi pisah gojek,netral
gaperlu app transjakarta buat liat rute google maps cukup buat liat rute. pakai aplikasi gojek bisa untuk menggantikan app tj or kue (kartu uang elektronik) there s always a learning curve and you re not required to be a pro at it,gaperlu app transjakarta buat liat rute google maps cukup buat liat rute pakai aplikasi gojek ganti app kue kartu uang elektronik there always learning curve and you not required pro,netral
Ini sebenernya yg bikin males mau naik transport harus ganti aplikasi TJ pakai TJ: Transjakarta MRT ganti ke MyMRTj Mau naik KRL/KAI harus pakai Gojek/KAI Access Belom top up saldo aplikasi payment providernya beda semua Emang sih ada App Jaklingko tp g user friendly,sebenernya bikin males mau naik transport ganti aplikasi pakai transjakarta mrt ganti mymrtj mau naik krlkai pakai gojekkai access bom top saldo aplikasi payment providernya beda semua emang sih app jaklingko user friendly,positif
@betalabh333 @beeeemooooo KRL Commuter Line bisa pake aplikasi gojek kok coba cari menu go transit nanti ada opsi buat tiket KRL. Tinggal pilih stasiun keberangkatan sama stasiun tujuan aja abis itu bayar pake gopay nanti kalo udah ada barcode buat masuk sama keluar stasiun,krl commuter line pake aplikasi gojek kok coba cari menu transit opsi buat tiket krl tinggal pilih stasiun berangkat sama stasiun tuju aja abis bayar pake gopay kalo udah barcode buat masuk sama keluar stasiun,netral
Kalian yang pake @Telkomsel ngerasa internet nya makin lemot ga sih? Kuota dan pulsa ada tapi lemotnya kebangetan. Kendalanya kl di jalan mau ngecek aplikasi chat gojek dan browsing pun jadi gabisa.. Rekomen dong provider yang oke buat dipake di area jkt-dpk https://t.co/Ps7u38buzl,kalian pake ngerasa internet nya makin lot sih kuota pulsa lot banget kendala jalan mau ngecek aplikasi chat gojek browsing jadi gabisa rekomen dong provider oke buat dipake area jktdpk,netral
@zbyapp @unicelounge lalamove tuh apa kak? aplikasi semacem gojek kah?,lalamove tuh apa kak aplikasi semacem gojek,netral
ini ak beli 2 karna buat orang rumah juga. ayamnya tuh jumbo bgt juicy lagi bumbunya meresap ENAKK . coba cek deh aplikasi kalian sp tau dapet promo https://t.co/I5cFYNGcsB,beli karna buat orang rumah ayam tuh jumbo bgt juicy bumbu resap enakk coba cek deh aplikasi kalian tau dapet promo,netral
Young K aslinya dua aplikasi jaketnya kalo dibalik jadi jaket gojek https://t.co/LQZe5L3vkl,young asli aplikasi jaket kalo balik jadi jaket gojek,netral
Sudah siap pulang ke Tanah Air setelah full ibadah di Tanah Suci? Menunggu jadwal kepulangan #IniWaktunyaKita isi ulang paket TRI Ibadah 7GB/12 hari agar bisa terus berkomunikasi dengan keluarga! Paket roaming #TriLebihHematSinyalCepat ini bisa kamu beli di aplikasi Gojek https://t.co/UgZttjhWP4,siap pulang tanah air full ibadah tanah suci tunggu jadwal pulang isi ulang paket tri ibadah hari terus komunikasi keluarga paket roaming kamu beli aplikasi gojek,positif
@cherlxxxx_ maaaff bgt ya kak mau viral atau engga si oren ini hampir sama kayak gojek dia backingannya orang2 sawah pemerintahan jg jadi better pindah aplikasi aja. Ya begitulah hidup di indonesia raya ini,maaaff bgt kak mau viral engga oren hampir sama kayak gojek backingannya orang sawah perintah jadi better pindah aplikasi aja begitu hidup indonesia raya,netral
Pihak TurnbackHoax telah memeriksa informasi tersebut. Faktanya terdapat unggahan resmi dari https://t.co/4p6WVd1A7e bahwa Gopay tidak pernah menerbitkan kartu fisik dan semua layanan Gopay hanya dapat diakses melalui aplikasi Gojek atau Gopay,pihak turnbackhoax periksa informasi sebut fakta dapat unggah resmi gopay pernah terbit kartu fisik semua layan gopay akses lalu aplikasi gojek gopay,netral
Halo @PT_Transjakarta terima kasih sudah membuat aplikasi ini. Kamu membuat mood bagus pagi ini. Tidak ada lagi merasa hopeless yang kalo bus ga datang2 aku terpaksa naik gojek~~ Jam 7.21 diperkirakan 10 menit lagi Jam 7.27 udah datang https://t.co/EXGrKjd62r,halo terima kasih buat aplikasi kamu buat mood bagus pagi rasa hopeless kalo bus datang aku paksa naik gojek jam kira menit jam udah datang,positif
@its_Rosalin Dah coba aplikasi gojek ?,dah coba aplikasi gojek,netral
@gstinandjs @gojekindonesia Selamat pagi Kak. perjalanan Commuter Line Yogyakarta pembelian dapat dilayani melalui aplikasi Gojek (menu GoTransit) pembayaran dengan Gopay maksimal bisa untuk 4 orang ya Kak. Tks,selamat pagi kak jalan commuter line yogyakarta beli layan lalu aplikasi gojek menu gotransit bayar gopay maksimal orang kak tks,negatif
@suka_cuddle Ada. Tinggal pesen di aplikasi gojek,tinggal sen aplikasi gojek,netral
Kalian kalo driver gojek/grab food nganter makan terus di chat nanya lagi nomor/alamat rumah biasanya dijawab ga? Soalnya di aplikasi udah jelas banget tertera kan gw mikir ngapain nanya lagi. Udah gitu pada biasa yang lain nganter fine2 aja ga masalah.,kalian kalo driver gojekgrab food nganter makan terus chat nanya nomoralamat rumah biasa jawab soal aplikasi udah jelas banget tera kan mikir ngapain nanya udah gitu biasa nganter fine aja masalah,negatif
apa gue apus aja ya ini aplikasi grab sama gojek biar ga dikit-dikit order grabfood/gofood terus :)),apa gue apus aja aplikasi grab sama gojek biar dikitdikit order grabfoodgofood terus,netral
ADA YANG TAU CARA LAPORIN ORDERAN FIKTIF APLIKASI @gojekindonesia ???? Kronologi: Driver gojek datang ke rumah bilang dapet orderan buat anter anggota keluargaku ke kota sebelah. Keluargaku gaada yg merasa pesen gojek dan karena kita semua cewe setelah konfirmasi ke driver,tau cara laporin order fiktif aplikasi kronologi driver gojek datang rumah bilang dapet order buat anter anggota keluarga kota belah keluarga gaada rasa sen gojek semua cewe konfirmasi driver,netral
@chcocupcake Selamat siang Kak. Untuk perjalanan Commuter Line Yogyakarta-Palur PP silakan dapat menggunakan pembayaran Gopay pada fitur GoTransit di aplikasi Gojek dan aplikasi Access by KAI/C-Access ya. Tks.,selamat siang kak jalan commuter line yogyakartapalur sila guna bayar gopay fitur gotransit aplikasi gojek aplikasi access kaicaccess tks,negatif
@vazoo5 Selamat siang Kak. Untuk tiket berjenis kartu seperti Kartu Multi Trip (KMT) Kartu Bank (E-Money Flazz Brizzi TapCash) 1 tiket hanya untuk 1 orang kami sarankan bisa menggunakan aplikasi C-access/Gojek (GoTransit) 1 ponsel bisa untuk 4 orang ya. Tks.,selamat siang kak tiket jenis kartu kartu multi trip kmt kartu bank emoney flazz brizzi tapcash tiket orang saran guna aplikasi caccessgojek gotransit ponsel orang tks,negatif
gojek menghilangkan tampilan detail potongan di aplikasi driver biar ga di protes mulu kali ya,gojek hilang tampil detail potong aplikasi driver biar protes mulu kali,netral
Tabe yang dipangkep Tidak adakah itu gojek atau aplikasi pesan makan dipangkep kodong Info ta dule,tabe dipangkep ada gojek aplikasi pesan makan dipangkep kodong info dule,netral
@heijul912 Kak saran gw kalo lu dikondisi begini pake aplikasi ojol lain aja dulu misal gojek. Biarin aja gaada yang cancel ampe dia yang cancel duluan. Yang rugi dia sedangkan kamu sampe tujuan deh. Afternya report aja ke CS Grab,kak saran kalo kondisi begini pake aplikasi ojol aja dulu misal gojek biarin aja gaada cancel ampe cancel duluan rugi kamu sampe tuju deh afternya report aja grab,netral
Cara ngaduin ini ke Gojek gimana yak? Soalnya gw ga pernah transaksi gede di aplikasi ini. Annoying banget tiap hari dapet notif gini. https://t.co/UzGDo1Ueni,cara ngaduin gojek gimana yak soal pernah transaksi gede aplikasi annoying banget tiap hari dapet notif gin,netral
