created_at,full_text,sentiment
Tue Jun 17 13:13:45 +0000 2025,Pembayaran Harian yang Praktis Ada PEXX Card yang bisa kamu pakai untuk membayar layanan transportasi online seperti Gojek atau Grab hingga berbelanja di e-commerce seperti Tokopedia dan Shopee. Nggak perlu repot top-up banyak aplikasi cukup satu kartu untuk semua.,neutral
Tue Jun 17 12:46:31 +0000 2025,Aplikasi online yg ada fitur mobil pick up nya apa ya? Yg mobil bak kebuka itu. Soalnya di gojek rasanya bukan pick up,negative
Tue Jun 17 12:10:21 +0000 2025,Aku lagi survey data tentang seberapa sering kita pakai aplikasi kayak Gojek Grab Maxim sama Shopee Food. Tenang aja surveinya: Super singkat! Cuma 9 pertanyaan https://t.co/2rEDZ7pmby Makasih ya buat yang udah mau nyempetin waktu! You're the best!,neutral
Tue Jun 17 10:50:57 +0000 2025,@e100ss Bukan ide baru. Bahkan lahirnya gojek juga awalnya krn ada aplikasi semacam ini. Terbukti gabisa jd solusi. Transum tetep jawaban.,negative
Tue Jun 17 10:16:52 +0000 2025,Pesan Taksi Listrik Green SM Kini Bisa via Aplikasi Gojek https://t.co/6lphrM4jJ4,positive
Tue Jun 17 10:00:02 +0000 2025,Perluas akses layanan taksi listrik Green SM kini bisa dipesan via aplikasi Gojek! #ThePhraseID #GreenSM #Gojek #taksilistrik #EV #BEV #ElectricVehicle #mobillistrik #otomotif https://t.co/WsAefuqE46,positive
Tue Jun 17 03:49:43 +0000 2025,@txtdrjkt 2013. Gw pake google maps mau ke Samsat Barat muter Semanggi 3x nyerah. Dpn hotel bilangan Kuningan gw samperin Gojek yg baru nurunin penumpang. Minta anter. Bayar sesuai aplikasi masukin kode id order yg dikasih mamangnya. Eh dibawa masuk jalur busway &amp; gabisa nolak. ‍️,negative
Tue Jun 17 03:37:53 +0000 2025,ada ga yg bisa cairin gopaylater via gofood atau apapun itu di aplikasi gojek?? #zonauang,neutral
Mon Jun 16 14:04:36 +0000 2025,@thelittleeight gojek aja jarang ada yg mau ngambil dari aplikasi kak rata2 pada nembak. gocar juga pasti gituu apalagi kalo macet biasanya pada males ngambil,negative
Mon Jun 16 13:14:30 +0000 2025,@JO0YCCC surabaya emang murce nder gojek/grabnya asal gak yang naik tanpa aplikasi ditembak entar *korban 20k,positive
Mon Jun 16 12:59:12 +0000 2025,aplikasi gojek sama spotify kalo bisa jangan disatuin di slide yg sama. selalu sukses bikin keder,positive
Mon Jun 16 12:46:02 +0000 2025,Cara Atasi Kendala Top Up Pulsa Tri: 1. Cek saldo rekening &amp; pastikan cukup 2. Restart HP coba top up ulang 3. Coba top up di aplikasi berbeda (misal Gojek Dana atau Shopee) 4. Hubungi CS @3careindonesia melalui WA Semoga berhasil!,neutral
Mon Jun 16 10:03:56 +0000 2025,Green SM dan Gojek berkolaborasi dalam penyediaan layanan Green SM di aplikasi Gojek,positive
Mon Jun 16 05:31:01 +0000 2025,semoga penyakit suka mindah2in titik sendiri ke tempat yg jauh padahal gua masih di tempat yg sama ky pesenan sebelomnya yg diderita aplikasi gojek cpt sembuh anjg,negative
Mon Jun 16 04:27:42 +0000 2025,@kayiaeo_O Selamat siang. Apabila yang dimaksud E-Toll (E-Money terbitan Bank Mandiri) kartu tersebut dapat digunakan untuk perjalanan Commuter Line Prameks. Untuk pembelian QR tiket di aplikasi Gojek pada fitur GoTransit belum dapat ditentukan masuk kuota tiket. Pembelian QR tiket bisa,neutral
Mon Jun 16 01:45:41 +0000 2025,Green SM penyedia layanan armada 100 persen taksi listrik resmi berkolaborasi dengan Gojek dalam menghadirkan layanan GoGreen SM yang kini tersedia di aplikasi Gojek. ~TA #GreenSM #Gojek https://t.co/WDtz4ZvQvy,positive
Mon Jun 16 00:11:12 +0000 2025,@Kirito1765 Belinya lewat apa? Aplikasi mereka atau gojek/ovo/shopeepay atau mbanking? Kemaren ngisi lewat mbanking mandiri dan bca gak ada masalah.,neutral
Sun Jun 15 12:45:45 +0000 2025,@tanyarlfes Aplikasi gojek nder,neutral
Sun Jun 15 11:16:42 +0000 2025,@3ahriii_ Selamat malam Kak. QRIS Tap saat ini belum bisa digunakan sebagai tiket Commuter Line ya kak alternatif bisa unduh aplikasi c-acces/access by KAI/Gojek (Gotransit) untuk pembelian tiket via scan QR code ya Kak. Tks.,neutral
Wed Jun 11 23:37:02 +0000 2025,@waafahal @jadijago seharusnya Rp0 keterangannya knp harus beda jumlah saldo di aplikasi gopay sama gojek kalau sudah di transfer ke gopay tabungan saya lihat ini juga terjadi dibeberapa customer yg baru pertama kali buat gopay tabungan seperti halnya yg terjadi di saya ada yg sampai jutaan juga,negative
Wed Jun 11 23:33:57 +0000 2025,@waafahal @gopayindonesia tapi saya lihat di akun lain seharusnya Rp0 di gopay saldo terus knp keterangan saldo di aplikasi gopay sama gojek bisa beda??,negative
Wed Jun 11 19:46:56 +0000 2025,@BaseBDG Buat kalian kalau mau beli beras beli d gomart aja (aplikasi gojek) belinya tiap harus sabtu harganya sktar 62rb dan free ongkir,positive
Wed Jun 11 15:51:30 +0000 2025,memang aplikasi gojek ini penyelamat di segala kondisi. bisa apa gue tanpa abang2 gojek. love gojek️️ https://t.co/XLvGlAyBKw,positive
Wed Jun 11 12:10:13 +0000 2025,Deadline mepet hujan deras motor gak bisa dipake? Langsung aja buka aplikasi Gojek order GoRide bayar pake GoPay. Jangan lupa pakai promo PASTIADAJALAN biar makin hemat! @gojekindonesia #PASTIADAJALAN https://t.co/i5Qy6Qule0,positive
Wed Jun 11 11:34:49 +0000 2025,Pov: Semua promo kyak muncul disaat yg paling dibutuhkan tiap buka aplikasi Gojek @gojekindonesia #GSKSMG2025 #PASTIADAJALAN #GOJEK https://t.co/54CCo5sai9,positive
Wed Jun 11 06:24:00 +0000 2025,Gw baru tau klo gojek di aplikasi drivernya akun gw ada notesnya pelanggan ini titik penjemputan tidak selalu tepat harap menghubungi kembali Kek gw ngerasa dih apebuedh,negative
Wed Jun 11 02:06:51 +0000 2025,@yolanderf @wookiesn @BaseBDG enggak dia instal aplikasi grab/gojek dll. trs pesen dari titik A ke titik B ntar di situ ada titik2 ijo letak driver terdekat. tinggal d liat aja d map nya ada dimana tuh driver tp y random,neutral
Wed Jun 11 01:24:34 +0000 2025,@mdrfhyt gojek mau berubah jadi aplikasi fintech wkwkw,positive
Tue Jun 10 16:07:45 +0000 2025,BISA INI ITU DENGAN GOJEK??? Bisa banget dapet hadiah jutaan dari GOJEK dengan redeem kode #PASTIADAJALAN di Aplikasi Gojek! Klaim kore unikmu dan menangkan banyak hadiahnya‼️ #GSKPWT2025 #NgampusHematBarengGojek #GojekSahabatKampus @gojekindonesia https://t.co/vFpsxctrA6,neutral
Tue Jun 10 15:26:29 +0000 2025,Mau diskon gede buat GoRide ke/dari stasiun? Pake aja kode promo GOSTASIUN + GOINF25 pas transaksi di aplikasi Gojek kamu! Langsung berasa hematnya. Buruan sikat! #GOSTASIUN #GOINF25 #GSKPWT2025 #NgampusHematBarengGojek #GojekSahabatKampus @gojek.yogyakarta https://t.co/1eC06KRMvj,neutral
Tue Jun 10 15:01:55 +0000 2025,@ppngjijimagu Selamat malam Kak apabila belum melakukan tap out dengan aplikasi Gojek untuk perjalanan esok hari maka bisa dilakukan ya apabila terdapat kendala silakan bisa menghubungi petugas di stasiun keberangkatan. Tks.,neutral
Tue Jun 10 14:24:27 +0000 2025,HAAHH!!!?! kapan lagi setiap pake aplikasi Gojek bakal dapet hadiah menarik!!! Jangan lupa dipake guys kode promo PASTIADAJALAN yaa temen temen siapa tau kalian bakal dapetin hadiah hadiah menariknya!!! @gojek_smg @gojekindonesia #GSKSMG2025 https://t.co/xiJVVPPihX,neutral
Tue Jun 10 14:19:28 +0000 2025,HAAHH!!!?! kapan lagi setiap pake aplikasi Gojek bakal dapet hadiah menarik!!! Jangan lupa dipake guys kode promo PASTIADAJALAN yaa temen temen siapa tau kalian bakal dapetin hadiah hadiah menariknya!!! @gojek_smg @gojekindonesia #GSKSMG2025 https://t.co/AgsVRnNAhA,neutral
Tue Jun 10 14:11:53 +0000 2025,@gojekindonesia saya mau tanya ini kenapa bisa terjadi ya saya pesan gofood dan titik pengantaran/alamat sudah sesuai tapi titiknya malah berbeda jauh dengan yang di drivernya? jadinya malah harus shareloc di luar aplikasi gojek. ini buat gak nyaman antara cust &amp; driver.,negative
Mon Jun 09 14:15:42 +0000 2025,Mau dapet hadiah jutaan rupiah cuma dari pakai Gojek? YEP kamu nggak salah baca. #PastiAdaJalan buat menang asal kamu gercep! Buruan cek di aplikasi Gojek sekarang! #NgampusHematBarengGojek #PromoGojek #GSKPWT2025 #GojekSahabatKampus @gojekindonesia https://t.co/RgXa4PKoaU,neutral
Mon Jun 09 13:49:29 +0000 2025,@vespamatic96 Klo gitu Ama aja om...Napa Lo ngojek pake gojek bukan pake Maxim...Lo bikin kaya yg punya gojek...coba Lo GX pake aplikasi gojek...bakalan tutup tu gojek...sama GX kira2x om narasinya,negative
Mon Jun 09 11:30:50 +0000 2025,Cara apply code voucher 1. Buka Aplikasi Gojek dan pilih promo 2. ⁠Pilih Masukan kode promo 3. ⁠Masukan Kode GOFPS dan validasi kodenya kalau udh redeem kode GOFPS nya kamu bisa masukin promo PASTIADAJALAN,neutral
Mon Jun 09 10:57:45 +0000 2025,Hallo gyuss Aku salah satu pengguna gojek hemat yang pastinya memudahkan dalm kegiatan sehari-hari yukk kalian juga cobain promonya di aplikasi gojek @gojekindonesia #GSKSEMARANG2025 #Gojek #zona jajan #goride https://t.co/NNcrYe35X4,positive
Mon Jun 09 06:43:22 +0000 2025,@tsun_shine @farhanrivaldy_ Kalo login gojek kan dapet otp nah otp nya dimasukan ke aplikasi tapi karena ini fake otp itu masuk ke telegram scammer dia nge loop berkali kali agar scammer pusing bangak otp palsu,neutral
Mon Jun 09 06:20:39 +0000 2025,Hampir saja tangan ini menyentuh aplikasi Gojek. Tahan tahan,neutral
Mon Jun 09 05:46:49 +0000 2025,@floweryliy Heeeehhhh cucu gundik emang HP maneh te boga aplikasi ojolkah ??? Grab gojek indriver maxim uber anjiirrrrr boa cicing d leweng sugan,neutral
Mon Jun 09 04:59:18 +0000 2025,Cara apply code voucher 1. Buka Aplikasi Gojek dan pilih promo 2. ⁠Pilih Masukan kode promo 3. ⁠Masukan Kode GOFPS dan validasi kodenya kalau udh redeem kode GOFPS nya kamu bisa masukin promo PASTIADAJALAN GAMPANG BANGET KAN? AYO CEPETAN APPLY KODE NYA,neutral
Mon Jun 09 04:45:54 +0000 2025,sumpah trmen trmen maaf tbtb balik ini ada paket salah kirim ke rumahku sumpah.. paket nya dikirim pake gojek aku terima trs aku bayar soalnya KIRAIN GOFOOD AKU YG LAGI DI JALAN JG aku liat aplikasi abang abangnya udh di deket rumah juga aku kaget kok pas dibuka isinya bkn,neutral
Mon Jun 09 04:13:24 +0000 2025,Mau hemat ngapain aja? AYO PAKE GOJEKPLUS buat dapetin banyak promo. Buka aplikasi Gojek pake m kode referal GOECOPICK untuk diskon spesial yang bikin kantong kamu tetap aman! #pastiadajaln #gojek #goridehemat #gsk2025 #gojeksahabatkampus @gojek_smg https://t.co/qNiwqXWnq8,neutral
Mon Jun 09 02:56:58 +0000 2025,Top 3 most annoying ads while playing mobile games: 3. Traveloka 2. Grab/Gojek Harus dipencet min 3 buat nutup salah pencet dikit langsung pindah aplikasi. 1. Adakami Auto instal sendiri aplikasinya. So annoying.,negative
Mon Jun 09 02:04:54 +0000 2025,@kazegakieta @KAI121 Selamat pagi Kak. Untuk pembelian tiket perjalanan Commuter Line via aplikasi GoJek diwajibkan untuk scan in dan out sesuai dengan stasiun yang tertera pada tiket. Untuk perjalanan yang Kakak lakukan silakan dapat menemui petugas Passenger Service di Stasiun akhir tujuannya untuk,neutral
Sun Jun 08 23:39:40 +0000 2025,@LoversSinglet @infomalang Di terminal ada shelter grab atau gojek kok lokasinya di sebelah pom bensin pas. Tarifnya sesuai aplikasi &amp; kalau minta dijemput bisa req disitu.,positive
Sun Jun 08 17:05:59 +0000 2025,VOUCHER PROMO PAKAI GORIDE DISKON 90% !! [RESTOCK TERBATAS] GO47PVTNX7UF GORIDEAJA [WAJIB REDEEM SEBELUM KEHABISAN] Redeem di aplikasi gojek atau bisa langsung klik link https://t.co/YxSBhCXLnD https://t.co/uJbyddM3q8,neutral
Sun Jun 08 16:59:57 +0000 2025,@kth_kaa Jika lupa klaim voucher GORIDEAJA coba hubungi customer support Gojek lewat aplikasi: buka Menu Utama pilih Help Center lalu Vouchers and Promotion dan laporkan My voucher is missing . Bisa juga coba kontak via media sosial resmi Gojek tapi cek dulu akun resminya. Tidak ada,neutral
Sun Jun 08 15:22:56 +0000 2025,lagunya perunggu tuh sgt related bgt buat anak rantau yang suka homesick lagu ini tuh jadi motivasi buat mimin buat ngejalanin apa yang mimin sudah mulai mimin jadi semangat buat ikutan campaign kode PASTIADAJALAN di aplikasi gojek #GSKSMG2025 #GOJEKHEMAT @gojekindonesia https://t.co/TITDSFPPKV,neutral
Sun Jun 08 13:25:59 +0000 2025,Gak peduli seberapa macet hujan atau sibuk harimu... #PASTIADAJALAN bareng Gojek! Semua ada solusinya: mau makan kirim barang sampai cari ojek. Satu aplikasi jutaan kemudahan. https://t.co/3lNtQMZUal,neutral
Sun Jun 08 12:37:07 +0000 2025,untukku bank jago : aku pakai gojek app dan udh otomatis konek ke bank jago walau aku ga punya aplikasi dan bukan nasabah selain itu aku pake bibit yg konek ke gojek. kalau seabank : kena iming dari temen aku yg katanya bunga cair tiap hari aku pengen tau ± lainnya apa,neutral
Sun Jun 08 10:36:15 +0000 2025,-dips! Tiap hari pesen GoFood GoRide sampe GoSend. Langganan Gojek Plus diskon melimpah dompet aman! Buka aplikasi pesen apa aja hemat terus. @gojekindonesia bikin hidup gampang! https://t.co/Vzv2xyvveN,neutral
Sun Jun 08 09:57:56 +0000 2025,Tiap hari pesen GoFood GoRide sampe GoSend? Langganan Gojek Plus juga dongg!!! Diskon melimpah dompet aman! Buka aplikasi pesen apa aja hemat terus. @gojekindonesia bikin hidup lebih gampang! #GSKSMG2025 https://t.co/X9JX0CmXtt,neutral
Sun Jun 08 09:54:32 +0000 2025,@toe_giman Ini konten aja kan soalnya masnya nelpon pakai wa kalo aplikasi Gojek g kyk gt,neutral
Sun Jun 08 09:36:02 +0000 2025,Naik Gojek gak harus mahal! Pakai #GojekHemat dapetin DISKON tiap hari mulai dari Rp5.000-an aja! Tetep nyaman. Tetep aman. Tetep irit. ️ Cek promonya di aplikasi sekarang! #GojekHemat #PASTIADAJALAN https://t.co/xBsEKqFznd,neutral
Sun Jun 08 08:41:37 +0000 2025,Semua urusan harian? Gojek solusinya! Pakai kode GOJEKHEMAT di aplikasi Gojek buat nikmatin diskon spesial di tiap layanan. Masukkan juga kode referral GOECOPICK Jangan sampai ketinggalan promonya! #pastiadajalan #gsk2025 #gojeksahabatkampus @Gojek_Semarang https://t.co/puC2HOAqoC,neutral
Sun Jun 08 08:16:33 +0000 2025,Pakai kode promo PASTIADAJALAN di aplikasi Gojek untuk berbagai layanan dari transportasi sampai kirim barang. Masukkan kode referral GOECOPICK agar kamu dapat bonus menarik dan aku ikut terbantu! #pastiadajalan #gsk2025 #gojeksahabatkampus @Gojek_Semarang https://t.co/zu24qJjCVr,neutral
Sun Jun 08 06:18:02 +0000 2025,Hello min @gojekindonesia @gojektech usul tolong go-food dilengkapi fitur share loc seperti gosend &amp; gojek. Sering jg kami order makan utk org lain/keluarga &amp; g bisa terus pantau aplikasi utk cek posisinya dmn &amp; harus kabari penerima. Dgn share loc penerima bisa cek sendiri. Ty,neutral
Sun Jun 08 04:52:23 +0000 2025,Dari pada langganan aplikasi yang jarang kamu pake. mending langganan gojek plus disana kamu bakal dapetin berbagai diskon disetiap transaksinya. ga bakal rugi deh auto happy teruss! @gojek_soloraya #GSKSOLO2025 #GOJEKPLUS https://t.co/jY9K3OXg5C,neutral
Sun Jun 08 03:36:29 +0000 2025,Mau cepat aman dan tanpa ribet? #PakeGojek aja! Dari antar makanan sampai kirim paket semua beres dalam satu aplikasi. #Gojek #PASTIADAJALAN https://t.co/O3z8i5z1og,neutral
Sun Jun 08 03:12:29 +0000 2025,Lu bayangin gw mantengin aplikasi grab gojek hampir 20 menit udah dicancel driver car mereka lebih dari 5x kondisi jalan gak macet samsek mereka cm ga mau muter balik doang padahal gw bayar loh. Gua ngabisin 20 menit gua buat nunggu driver nerima orderan gw doang,negative
Sun Jun 08 01:52:13 +0000 2025,@hariantimeline Lah aplikasi gojek aja coding nye boleh nyontek Dr si grab punya. Kalo lo mau tau dia beli coding nya si grab Dan cuma ganti bbrp fitur doank.,negative
Sat Jun 07 21:44:32 +0000 2025,@pln_123 halo admin kenapa saya mau beli token di aplikasi gojek selalu gagal???,negative
Sat Jun 07 16:00:59 +0000 2025,Lagi ngerasa stuck? Wajar. Hidup nggak selalu mulus. Tapi tenang #PASTIADAJALAN. Gojek siap nemenin setiap langkahmu Gunakan kode promo: PASTIADAJALAN Dapetin diskon spesial buat GoRide GoFood dan GoSend! Yuk buka aplikasi Gojek sekarang. @gojekindonesia #GSKSMG2025 https://t.co/519tToCGMy,neutral
Sat Jun 07 13:48:39 +0000 2025,Tadi pas mau cari makan malam kok malas banget ya cari makanan di luar. Untung aja tadi nemu kode promo PASTIADAJALAN di gojek pas bangett kondisinya. Ayukk guysss bisa masukkin kodenya di aplikasi gojek @gojekindonesia #GSKSMG2025 https://t.co/vsNJl9959u,neutral
Sat Jun 07 13:34:43 +0000 2025,jujur gue badmood banget kalo iklan gojek di gue... soalnya ga keitung langsung lari ke aplikasi nya jadi ke refresh... bisa ga sih jangan buat gue nangis gegara vote,negative
Sat Jun 07 10:03:01 +0000 2025,Gojek = Aplikasi layanan transportasi ️ Gojeg = Bahasa Jawa yang berarti bercanda Dua kata ini bunyinya mirip tapi artinya beda jauh. Jadi kalau naik GO-JEK jangan kebanyakan gojeg biar abangnya tetap fokus ke jalan!,neutral
Sat Jun 07 09:00:42 +0000 2025,Baru tau kalo ada aplikasi kupon begini tapi cuma bisa makan ditempat kirain bisa order pake gojek https://t.co/9vYLJmNz90,neutral
Fri Jun 06 01:18:05 +0000 2025,@EdsNababan Kan udah ready tupatnya tinggal masuk aplikasi gojek klik go send gampang kan.,positive
Thu Jun 05 16:32:23 +0000 2025,Tadi dapet abang Gojek Tuna Rungu beliau info by chat dan terpampang Namanya di Aplikasi. Luckily msh inget bahasa isyarat hasil dari jd relawan APG terus Abang nya kayak senyumnya lebar gt huaa https://t.co/N17pcGfqfD,positive
Thu Jun 05 09:30:42 +0000 2025,MASIH ADA TOTAL 5 GR EMAS BUAT KAMU‼️ Ini kesempatan kamu buat tebak dan menangin hadiahnya! Cek #PestaKulinerGoFood di aplikasi Gojek untuk tau jawabannya https://t.co/lgch4s2iAB,neutral
Thu Jun 05 09:02:03 +0000 2025,* Cashback 15% untuk Ganti Suku Cadang di Planet Ban * Cashback 10% untuk Ganti Ban di Planet Ban| * GRATIS Isi Nitrogen Ayo serbu promonya di halaman Swadaya pada aplikasi Gojek Driver! #GojekSwadaya #SalamSatuAspal #HematDenganSwadaya #PromoPlanetBan #BanPresaPlaneto,neutral
Thu Jun 05 09:00:46 +0000 2025,Nge-bid bebas cemas dengan perlindungan dari BPJS Ketenagakerjaan. Banyak manfaatnya! Cek aplikasi Gojek Driver klik Banner BPJS-TK dan daftar sekarang juga! Promo terbatas! #GojekSwadaya #PromoBPJSTK #SalamSatuAspal #HematDenganSwadaya,neutral
Thu Jun 05 08:23:10 +0000 2025,VOUCHER PROMO GORIDE TERBARU SPESIAL LIBURAN IDUL ADHA &amp; TIMNAS DAY!! GOINDONESIA GO47PVTNX7UF YUKLIBUR [WAJIB REDEEM SEBELUM KEHABISAN] Redeem di aplikasi gojek atau bisa langsung klik link https://t.co/YxSBhCXLnD https://t.co/qspG4wpStG,neutral
Thu Jun 05 06:54:08 +0000 2025,oy apaan gojek minta duit di luar aplikasi,negative
Thu Jun 05 06:34:51 +0000 2025,VOUCHER PROMO GOJEK TERBARU SPESIAL LIBURAN IDUL ADHA!! [RESTOCK] GO47PVTNX7UF YUKLIBUR [WAJIB REDEEM SEBELUM KEHABISAN] Redeem di aplikasi gojek atau bisa langsung klik link https://t.co/YxSBhCXdy5 https://t.co/kPWvux3x1O,neutral
Thu Jun 05 05:37:36 +0000 2025,@ofBabyMonster @user Berdasarkan keluhan di X pengguna GoPay di Indonesia sering melaporkan error aplikasi seperti transaksi gagal dan crash saat digunakan di app Gojek. Banyak juga yang kesulitan menghubungi layanan pelanggan dengan laporan CS tidak responsif. Selain itu ada masalah akses,negative
Thu Jun 05 04:06:20 +0000 2025,Aplikasi gojek udeh ga ada di apps store ya,neutral
Thu Jun 05 03:21:02 +0000 2025,aplikasi gojek knpa siii?,negative
Thu Jun 05 03:14:34 +0000 2025,Aplikasi gojek tolol bgt eror terus,negative
Wed Jun 04 15:48:56 +0000 2025,@jokes4country @GrabID @gojekindonesia Kebijakan goblok karena ga ada pilihan lain untuk 6 orang! Harusnya ada pilihan di mana bisa ga pake gambling... Itu maksud gua... Aturan itu udah gua baca dan GA ADA PILIHAN NON ELEKTRIK DI APLIKASI GRAB GUA... Mo gojek ubah bodo amat yang penting mereka ada...,negative
Wed Jun 04 14:22:18 +0000 2025,@DPlusID_Help mau bayar pake gopay kok ga bisa? You've linked with this number before ga ke aplikasi gojek nya mau bayar ga bisa,negative
Wed Jun 04 13:45:01 +0000 2025,Bingung mau pulang tapi duitnya pas-pasan? Mama dirumah udah kangen banget tapi kamu gabisa pulang. GORIDE solusinya masukin kode promo GOSTASIUN atau kode GOECOFAIR di aplikasi gojek langsung bisa pulang pergi ke rumah tanpa mikir duit habis. #GSKSOLO2025 @gojekindonesia https://t.co/6kmMP8JqKF,neutral
Wed Jun 04 13:23:22 +0000 2025,Mau ikut irit juga? Daftar dulu pake kode GOKIHMSI terus subscribe GoJek Plus langsung di aplikasi. @gojekindonesia https://t.co/auG3jScwHh,neutral
Wed Jun 04 13:16:05 +0000 2025,jujur ya pengen ngelaporin gojek yg motornya ga sesuai di aplikasi pesen yg xl datengnya yg mini mini sebenernya kasihan si tp dengan perjalanan jauh dan pantatku yg gede ini sungguh tidak nyaman,negative
Wed Jun 04 10:57:24 +0000 2025,Kapan lagi pake aplikasi Gojek bakal dapetin hadiah menarik! Semakin sering pake PASTIADAJALAN semakin besar peluang menangnya Jangan sampe ketinggalan yaa teman-teman! @gojek_smg @gojekindonesia #GSKSMG2025 https://t.co/lqLHY9peG3,neutral
Wed Jun 04 10:53:22 +0000 2025,Dapet penumpang ibu ibu marah sama gwe Mas saya panggilin juga di sebrang dari tadi Gue dengan lantam Bu saya jemput sesuai titik yang ibu taro yang kedua gausah dipanggil bu saya di dalem mobil kedap suaranya di aplikasi gojek ada fitur chat,neutral
Wed Jun 04 10:27:35 +0000 2025,HAAHH!!!?! kapan lagi setiap pake aplikasi Gojek bakal dapet hadiah menarik!!! Jangan lupa dipake guys kode promo PASTIADAJALAN yaa temen temen siapa tau kalian salah satu yang bakal dapetin hadiah hadiah menariknya! @gojek_smg @gojekindonesia #GSKSMG2025 https://t.co/DwZJ3jD7dK,neutral
Wed Jun 04 10:27:04 +0000 2025,Naik gojek kok motornya beda sama yg di aplikasi kutanya katanya habis ilang pas lagi nunggu antrian go food. Ya Allah orang2 ini kok tega banget ya,negative
Wed Jun 04 06:52:32 +0000 2025,kenapa ya kalo gue lagi jadwalnya ke toko pasti yang belanja minta pesenin grab/gojek?? berguna sekali nih aplikasi di hp gue akwoowkwom,positive
Wed Jun 04 06:18:00 +0000 2025,Priti kau nggak tau kah ada aplikasi namanya Gojek? Naik gojek aja kau ngapain minta nebeng sama Harry? Mau kupesankan biar bisa pulang langsung?,neutral
Wed Jun 04 05:49:16 +0000 2025,@r_aaaaaaa_ @infomalang lha biasane ketok staff e ojol disana jg kok grab / gojek gt kdg nawarin promo aplikasi ke penumpang,neutral
Wed Jun 04 05:24:35 +0000 2025,ada yg pernah pengalaman gini gk? gue gk pernah pinjol punya aplikasi nya aja engga. tiba2 di chat gini pas gue tanya dia bilang dari gojek gue bingung njir. tapi bukti ktp sama foto ada????? ktp gue pernah ilang tahun lalu yg sekarang itu ktp baru bisa dipake emang? https://t.co/2MZQOqSyOY,neutral
Tue Jun 03 17:53:49 +0000 2025,@KompasTV Lihat dong dilapangan... Jangan hanya duduk manis dikantor. Ngk kebayang tiba2 aplikasi gojek dan grab gangguan aplikasi seminggu bisa2 krismon 98,neutral
Tue Jun 03 17:39:00 +0000 2025,guys klen klo dapet voc gojek apa gocar yg smpe cmn bayar under 10k tuh pas bayarnya cash sesuai aplikasi ato dibuletin 10k? soalnya aku pernah dpt diskon cmn bayar 3k doang tp ak sungkan jirr dan waktu itu gopayku gada saldooo plsss masukannya,neutral
Tue Jun 03 13:41:12 +0000 2025,@anak_sayan92001 @GiveRep @cro_aggregator aplikasi ijo itu grab ya apa gojek?,neutral
Tue Jun 03 12:49:30 +0000 2025,udah banyak kok ini. tinggal ketik di WA: mas tolong bikinkan aplikasi kayak traveloka/gojek,neutral
Tue Jun 03 11:36:44 +0000 2025,Awalnya @gojekindonesia itu berdiri sebagai APLIKASI KARYA ANAK BANGSA yg utamanya MEMBANTU anak bangsa utk berkarya dng menjadi mitra mobile yg menjelajahi area yg luas hingga ojek konvensional pun perlahan tergerus. Tapi sekarang...?? #DriveRaja #ceritaojol #gojek https://t.co/4FlEskK09N,negative
Tue Jun 03 09:39:13 +0000 2025,@Ndons_Back @prabowo @are_inismyname @florieliciouss @BANGSAygSUJUD @99propaganda @Kimberley_PS08 @DarekaRendy @bengkeldodo https://t.co/DeM8QUtZm6 Dapet 300rb sekali atau bbrp kali habis itu apa? ini ga nylesein akar masalah. Masalahnya adalah iklim ekonomi yg ga sehat dan pengusaha yg ga teregulasi! bayangin seorang gojek dipotong penghasilannya 20-50% oleh aplikasi. Pemerintah gaada solusi!,neutral
Tue Jun 03 08:20:29 +0000 2025,@hxxguu_ @Guesswuiam @storeby_ilza @Helidunn @jakeone02 @Dewtrails @boywobd92413 Aku samsung 2018 sudah gak bisa bang. Lemot ampun. Kamera menurun cuma bisa whatsapp &amp; youtube itu pun nge lag. Mau download aplikasi macam shopee gojek gabisa karna ram nya kecil :( jaman sekrng paling gak kudu up hp tiap 3-4 tahun. Apalagi aplikasi makin kesini makin besar,neutral
Tue Jun 03 07:14:22 +0000 2025,@_kijang1_ @discountfess Kalo gitu malah gada bedanya dari opang. Saya banyak bicara dengan para mitra dari gojek dan grab memang potongan aplikasi &gt;50% Kalau begitu customer tetap punya kewajiban ngasih lebih?,negative
Tue Jun 03 06:29:09 +0000 2025,aplikasi yang harus diinstall sebelum pergi: 1. gojek 2. grab 3. maxim,positive
Tue Jun 03 05:22:06 +0000 2025,@ARSIPAJA mau bikin aplikasi gojek (gofood dan goride exclude payment)? oke gw siapin server database domain API hingga aplikasi mobile cross platform setup google maps API website customer dan backoffice. Pokoknya terima beres satu hari jadi wow secepat itu? memang secepat itu,neutral
Tue Jun 03 03:49:49 +0000 2025,Tiba-tiba logout sendiri dari aplikasi gojek dan gak bisa login karena technical issue. Ada yang mengalami juga gaaak? @gojekindonesia https://t.co/OO5AS7EaZQ,negative
Tue Jun 03 01:39:44 +0000 2025,@saltedeggramen Ga bisa kak ini aku 3 hari ga bisa samsek. Yaaa emang jgn bergantung ke satu pemasukan aja makanya skrg byk driver yg join minimal 2 aplikasi misal shope sama gojek gitu.,neutral
Tue Jun 03 01:20:45 +0000 2025,@HachijouJoestar Selamat pagi Kak. Perjalanan KRL bisa langsung menggunakan KMT (Kartu Multi Trip) kartu uang elektronik bank (E-Money Brizzi Tapcash Flazz) atau aplikasi Gojek pada menu Gotransit ya Kak. Informasi lebih lanjut Kakak dapat menghubungi twitter @Commuterline sebagai,neutral
Tue Jun 03 00:31:18 +0000 2025,@biem7 @discountfess Hangry asuu emang promonya di shopee ugal2an aplikasi lain juga terdampak,neutral
Mon Jun 02 15:28:40 +0000 2025,@tamagopuyuh @yungjukn aku nyari dimsum mentai bukan di gojek/grab tapi di search bar buat nyari aplikasi,neutral
Mon Jun 02 14:13:35 +0000 2025,@apakabarb @owl555lwo @discountfess Shopee gak kaya grab atau gojek. Emang gitu aplikasi aneh dia mah. Yg lama resto yg kena susp driver,neutral
Mon Jun 02 13:59:06 +0000 2025,@BaseBDG Jaman kerja di daerah Cibiru sana saya sampe punya tukang gojek langganan. Jd sering minta dianter dr kantor ke rumah di luar aplikasi tarifnya samain kayak di aplikasi. Sebenernya bisa pake ojek langganan dari opang tp ya males kelakuannya gitu.,positive
Mon Jun 02 13:49:21 +0000 2025,Hallo gyuss Aku salah satu pengguna gojek hemat yang pastinya memudahkan dalm kegiatan sehari-hari yukk kalian juga cobain promonya di aplikasi gojek @gojek_bandung #GSKBANDUNG https://t.co/dDObn60s4J,neutral
Mon Jun 02 13:42:39 +0000 2025,Cara ikutannya gampang banget‼️ 1. Buka aplikasi Gojek 2. Masuk ke bagian Promo 3. Masukkan kode GOFPS dulu setelah reedem kode GOFPS masukin kode promo PASTIADAJALAN Langsung validasi dan aktifin!,neutral
Mon Jun 02 12:56:30 +0000 2025,@greenheroes27 @dptrilia @karamel1446728 Gojek gak pernah telepon masalah paylater. Notif aplikasi iya ada dan itu ada berhari hari sebelumnya sebelum deadline (tanggal 1) kalau gak salah tanggal 15 bulan sebelumnya sudah ada notif bayar. Dan itu bisa hampir setiap hari ada notif nya kalau kamu belum bayar tagihan.,neutral
Mon Jun 02 12:14:56 +0000 2025,@gojek_bandung #GSKBANDUNGHiii Pengguna Aplikasi GOJEK ada kabar baik nih buat kalian. Saat ini GOJEK sedang mengadakan kompetisi #pastiadajalan https://t.co/CSZt7LPjIO,neutral
Mon Jun 02 11:33:16 +0000 2025,Hi Pengguna Aplikasi GOJEK ada kabar baik nih buat kalian. Saat ini GOJEK sedang mengadakan kompetisi #pastiadajalan Mau ikut berburu hadiah jutaan rupiah? Caranya gampang banget cukup transaksi gojek kumpulkan poin dan jadi salah satu pemenangnya! #GojekBandung #GSKBANDUNG https://t.co/x3w3ODZzrR,neutral
Mon Jun 02 10:57:49 +0000 2025,Gak ada yang susah kalau udah ada jalan apalagi #PASTIADAJALAN Tapi ingat ini promo terbatas. Jangan cuma scroll doang langsung eksekusi di aplikasi Gojek sekarang! #GojekPromo #CuanBersamaGojek,neutral
Mon Jun 02 10:57:48 +0000 2025,1. Buka Aplikasi Gojek dan pilih promo 2. ⁠Pilih Masukan kode promo 3. ⁠Masukan Kode GOFPS dan validasi kodenya kalau udh redeem kode GOFPS nya kamu bisa masukin promo PASTIADAJALAN,neutral
Mon Jun 02 10:55:20 +0000 2025,HI HI PENGGUNA APLIKASI GOJEK Ada kabar baik ni buat kalian GOJEK sedang adain kompetisi #pastiadajalan Ini bukan sekadar promo ini JALAN menuju kemenangan! https://t.co/8bzVcmbBDi,neutral
Mon Jun 02 10:36:05 +0000 2025,Setelah dua kode berhasil diredeem kamu resmi ikut promo dari Gojek. Tinggal tunggu hadiahnya bisa berupa saldo atau bahkan perangkat keren seperti iPad. Jangan tunggu lama-lama kuota promonya terbatas. Langsung coba sekarang juga di aplikasi Gojek,neutral
Mon Jun 02 10:36:04 +0000 2025,1. Buka Aplikasi Gojek dan pilih promo 2. ⁠Pilih Masukan kode promo 3. ⁠Masukan Kode GOFPS dan validasi kodenya kalau udh redeem kode GOFPS nya kamu bisa masukin promo PASTIADAJALAN,neutral
Mon Jun 02 10:11:43 +0000 2025,HI HI PENGGUNA APLIKASI GOJEK Ada kabar baik ni buat kalian GOJEK sedang adain kompetisi #pastiadajalan Ini bukan sekadar promo ini JALAN menuju kemenangan! https://t.co/iXCdXaImVq,neutral
Mon Jun 02 09:33:20 +0000 2025,Liat temen dapet iPhone dari Gojek kamu cuma dapet notif doang? Yuk masukin kode PASTIADAJALAN di aplikasi Gojek dan kumpulin poinnya! Hadiah jutaan nunggu kamu! #PastiAdaJalan Ayo daftarin dirimu di: https://t.co/qp7wtZdrVw https://t.co/yvS7mR9rLY,neutral
Mon Jun 02 08:31:26 +0000 2025,HAII GUYSSS SIAPA YG MAU HADIAH IPAD CUNGG!! ‍️‍️ aku ada info menarik nih kalian bisa dapetin hadiah bernilai JUTAAN RUPIAH dengan enroll kode PASTIADAJALAN di aplikasi Gojek dan share kode referal kalian sebanyak-banyaknya!! DAFTAR SEKARANG YUKK : https://t.co/VDNyvNwciX https://t.co/c1feprBU07,neutral
Mon Jun 02 07:15:29 +0000 2025,@gojekindonesia aneh banget ini aplikasi aku cuma mesen 1 kali gojek dah driver uda sampe ke titik tibatiba dapet telpon dari driver yang berbeda katanya uda sampe titik. Dengan book titik jemput dan tujuan yang sama kaya dipesanan pertama. Anehhh buat rugi gopay ku ajaaa,negative
Mon Jun 02 02:33:09 +0000 2025,Sudah hari ke 5 belum ada kejelasan pembelian kuota di aplikasi myim3 tang dibayarkan melalui gopay. CS gojek menyatakan transaksi sudah berhasil dan menyarankan ke merchant. @CareIM3 @indosat @SinhaVikram https://t.co/QtxByEURPa,negative
Sun Jun 01 17:06:36 +0000 2025,VOUCHER PROMO PAKAI GORIDE DISKON 90% !! [RESTOCK] GO47PVTNX7UF GORIDEAJA [WAJIB REDEEM SEBELUM KEHABISAN] Redeem di aplikasi gojek atau bisa langsung klik link https://t.co/YxSBhCXLnD https://t.co/jU9m7S1XVr,neutral
Sun Jun 01 17:04:19 +0000 2025,GORIDEAJA ON ‼️ DISKON GORIDE 90% 10RB input di aplikasi GOJEK https://t.co/xHW0mKxeTC,neutral
Sun Jun 01 14:55:49 +0000 2025,@madkidn ini situasi nya mirip sama sopir angkot atau ojek pangkalan yg takut sama aplikasi gojek/grab,neutral
Sun Jun 01 12:06:14 +0000 2025,Gojek x Sinology Teater Gunakan kode unik: *GODRAMAHC* Cara redeem: 1.Buka aplikasi Gojek 2.Masuk ke menu Promos 3.Masukkan kode: GODRAMAHC 4.Nikmati potongan spesialnya! #GojekxSinology #GODRAMAHC #gojek #vouchergojek #voucher https://t.co/Y8oF1izZtW,neutral
Sun Jun 01 11:52:20 +0000 2025,gojek bisa pesen 2 driver dlm satu aplikasi gk?,neutral
Sun Jun 01 09:25:48 +0000 2025,@brontosaaurus @dickyssanjaya @efenerr Bukan gitu kak emang aku ga mau nambah aplikasi yg aku install aja. Buat ewallet aku udah merasa cukup shopeepay sama ovo. Karena ekosistem gopay apps lain kayak gojek aku ga pake. Jd aku males install banyak2 apps,neutral
Sun Jun 01 08:44:58 +0000 2025,@linebankid hai kak saya pesan gocar di aplikasi gojek 2 kali dg pembayaran online debit linebank. Yg pertama dibatalkan dari pihak gojek karena sistem yang error. Tapi kenapa di linebank transaksi tetap terhitung 2 kali ya? Saldo saya pun juga terpotong 2 kali bgmn ya kak?,negative
Sun Jun 01 08:38:00 +0000 2025,@gojekindonesia halo kak saya pesan gocar di aplikasi 2 kali. Yg pertama dibatalkan dari pihak gojek karena sistem yang error. Tapi kenapa transaksi tetap terhitung 2 kali ya? Saldo saya pun juga terpotong 2 kali. Please sistemnya diperbaiki ini kejadian bkn yg pertama kalinya,negative
Sun Jun 01 03:36:00 +0000 2025,@crynptr02 Selamat pagi Kak. Metode pembayaran tersebut saat ini belum bisa digunakan sebagai tiket commuter line ya Kak alternatif bisa menggunakan aplikasi C-acces/Access by KAI/Gojek (Gotransit) untuk pembelian tiket via scan QR code ya tks.,neutral
Sun Jun 01 01:45:05 +0000 2025,Gojek x Sinology Teater Gunakan kode unik: *GODRAMAHC* Cara redeem: 1.Buka aplikasi Gojek 2.Masuk ke menu Promos 3.Masukkan kode: GODRAMAHC 4.Nikmati potongan spesialnya! #GojekxSinology #GODRAMAHC https://t.co/HbAH09sOZm,neutral
Sun Jun 01 01:42:23 +0000 2025,-11fess Cara redeem: 1.Buka aplikasi Gojek 2.Masuk ke menu Promos 3.Masukkan kode: GODRAMAHC 4.Nikmati potongan spesialnya!,neutral
Sat May 31 23:50:14 +0000 2025,ogut rasa2 PROVIDER OL spt GOJEK GRAB dkk mengarah ke #LintahDaratOnline. mrk bebankn user dg JASA PELAYANAN juga mrk seenak k*****nya bebankn JASA APLIKASI kpd kustomer. Padahal itu adalah core tool milik mrk. No APPS NO BUSINESS! .. zu fortsetzen ..,negative
Sat May 31 15:14:53 +0000 2025,emg ratingnya jelek sih 4.4 mana bawa2 aplikasi ojol lain dia blg yang lain jg sering aja minta naikkan DIH DIKIRA AKU BARU PERTAMA KAH PAKE GRAB GOJEK MAXIM GITU emg sifatmu aja yg jelek Arman!,negative
Sat May 31 15:04:03 +0000 2025,@unsoedmfs Bantu jawab ya nder di aplikasi gojek/grab untuk uang parkir sudah di tambahkan otomatis saat order gacoan kalo sopi belum ada uang parkir dari aplikasinya,positive
Sat May 31 13:41:58 +0000 2025,baru kali ini ditolak driver gojek gara-gara dia ngambek sama aplikasi gojeknya. gue pesen gosend sore ini order langsung dapet. gue tungguin hampir 15 menit ga sampe-sampe. gue chat abangnya lama dibales. dibalesnya pake vn intinya dia ngambek sama gojek krn dapet 2 orderan,negative
Sat May 31 13:03:18 +0000 2025,bener bener harus kuat kalau vote sebong. karena iklan yg di dapet itu kalau gak gojek grab fizzo ya pinjol.. mana kadang suka otomatis kebuka aplikasi nya,neutral
Sat May 31 12:56:41 +0000 2025,gara-gara hujan tp pengen makan akhirnya gofood aja pake promo buat gofood. jadi ngga boros juga krn dapet diskon dari GOTEDXPU sama pake PASTIADAJALAN di aplikasi Gojek. and finally bisa lanjut nugas yg numpuk itu... https://t.co/nS2m1u2Zje,neutral
Sat May 31 11:00:02 +0000 2025,Kalau orang tua kamu udah berangkat Ibadah Haji tetep bisa kok dibeliin paket TRI Ibadah. Di aplikasi Gojek paket roaming #TriLebihHematSinyalCepat ini lagi promo hemat sampai 50 ribu! Klik https://t.co/PwEkiml1Zy atau buka aplikasi Gojek-mu sekarang! #IniWaktunyaKita https://t.co/GW88wazmNf,neutral
Sat May 31 10:37:24 +0000 2025,@gopayindonesia @gojekindonesia tolong dong ini begimana ceritanya di aplikasi gopay saldo ada masuk tapi di aplikasi gojek saldonye kagak masuk kagak ada??? Mau makan enii laper https://t.co/dcWCcvXCOj,negative
Sat May 31 08:30:37 +0000 2025,yang mau cobain bisa langsung ke outlet Hangry atau order lewat aplikasi online gojek disini ⤵️ https://t.co/EE7GvGpQsE,neutral
Sat May 31 04:09:19 +0000 2025,@ajudanmikey Selamat siang Kak. Guna kami lakukan pengecekan dan teruskan ke unit terkait mohon beritahu waktu (tanggal &amp; jam) kejadian dan nomor telepon akun aplikasi Gojek tersebut. Tks.,neutral
Sat May 31 03:46:43 +0000 2025,PEREMPUAN HEBAT ITU BERNAMA Lutfy Azizah (Cerita dibalik Aplikasi Zendo gojek ala Muhammadiyah) Oleh: Dahlan Iskan Jumat 30-05-2025 (Lutfy Azizah foto bersama Keluarga Zendo Tulungagung) Muhammadiyah punya Zendo. Sudah beroperasi di 27 kota/kabupaten. Tanggal 1 Juni besok https://t.co/8LcJDx70jl,neutral
Sat May 31 00:42:49 +0000 2025,lagi buru-buru pas mau pulkam? tenang #PASTIADAJALAN bareng GoRide bisa dapet diskon s.d. 30ribu pake kode promo GOSTASIUN di aplikasi Gojek jangan lupa juga pake kode referal GOECOFAIR promonya lumayan banget buat anak kost kayak aku #GSKSOLO2025 @gojekindonesia https://t.co/5mlsLlqW5h,neutral
Fri May 30 16:02:59 +0000 2025,akhirnya coba pesen lagi berharap dapet driver yang beda tapi ternyata driver itu lagi. tanpa babibu langsung aku batalin dan download aplikasi gojek,positive
Fri May 30 13:50:27 +0000 2025,@polisiidol2nd gopub diresmikan pada tanggal 1 April 2015 sebagai layanan pesan antar makanan dan marketplace makanan berbasis aplikasi yang diintegrasikan dengan aplikasi Gojek.,neutral
Fri May 30 13:35:12 +0000 2025,mw makan tapi mager banget. untungnya #PASTIADAJALAN untuk gofood. jadi ngga boros juga krn dapet diskon pake kode promo PASTIADAJALAN lalu pake kode GOECOFAIR di aplikasi Gojek. Perut dan kantong aman deh. #GSKSOLO2025 @gojek_soloraya https://t.co/OID5Had7ve,neutral
Fri May 30 12:19:22 +0000 2025,@yuneatskids ternyata cuman di aplikasi gojek...,neutral
Fri May 30 11:00:00 +0000 2025,Mau vidcall atau telpon keluarga kapan aja selama Ibadah Haji pasti lancar kalau ditemenin paket TRI Ibadah. Karena #TriLebihHematSinyalCepat beneran bisa bikin ibadah kamu makin tenang karena bisa terus berkabar dengan keluarga di rumah. Beli paketnya melalui aplikasi Gojek https://t.co/G2wJ2jqpd7,neutral
Fri May 30 10:19:35 +0000 2025,Tolong dong gojek cantumkan harga yg pantas di aplikasi. Supaya ga ada driver yg beralasan lg kalau harga di aplikasi itu salah dan minta uang lebih. Karna jarak jauh jg bilang ga ada uang utk bensin. Asli mau bgt ngelaporin. Tp ga tega liat bacaan bakal sampai putus mitra,negative
Fri May 30 09:39:33 +0000 2025,@Magdharegaaa Agak repot dikit sih soalnya aku harus buka aplikasi gojek terus milih menunya yang apa. Kalo gak salah suka chocolate cookies smoothies / sunday chocolate ya(?) Terus harus nyantumin nomor WA-nya incess yang kayaknya udah ganti biar drivernya bisa hubungin kalo nyasar. Hehe,neutral
Fri May 30 06:38:05 +0000 2025,eh kok perasaan harga es krim mixue naik harga ya?? perasaan dulu sekitar 16rb sekarang jdi 22rb utk sundae nya apa cmn di aplikasi gojek ?,neutral
Fri May 30 03:04:09 +0000 2025,Kabar gembira buat yang punya aplikasi gojek nih!!! ada promo seru buat kalian caranya: 1. ketik kode HWJELISYAMLG 2. klaim kode PASTIADAJALAN dapetin promo seru yang DAR DER DOR #GOJEKINDONESIA #promogojek #pastiadajalan #voucher #weekendvibes #zonauang #zonajajan,neutral
Thu May 29 14:18:38 +0000 2025,@napnapppppppppp aplikasi gojek pas lagi ngojek,neutral
Thu May 29 08:49:47 +0000 2025,[RESTOCK] VOUCHER PROMO PAKAI GORIDE DISKON 90% !! GO47PVTNX7UF GORIDEAJA [CEPETAN REDEEM SEBELUM KEHABISAN] Redeem di aplikasi gojek atau bisa langsung klik link https://t.co/YxSBhCXdy5 https://t.co/aaAiNKRIJB,neutral
Thu May 29 06:34:34 +0000 2025,@maik91029288 @CutSarina5 Gojek yg namanya PT Aplikasi Karya Anak Bangsa lu pikir didirikan dimana? Di Singapur jg dodol.,neutral
Wed May 28 23:28:59 +0000 2025,@__PASMANTAP Sekalian aplikasi gojek nya di matiin aja biar pada nganggur dan biar ada konten baru,neutral
Wed May 28 16:40:21 +0000 2025,Ini aplikasi gojek kenapa dah?! @gojekindonesia https://t.co/eO3vUw84D4,neutral
Wed May 28 15:54:37 +0000 2025,beneran dosaa kasian ayahku sama mamaku mau ke gambir ditolak gocar 6x ada kayaknya tadi trus aku suruh cari gojek yg lagi berhenti deket daerah travel itu akhirnya ditembak 50k padahal di aplikasi 25k trs sendiri2 naik gojek motor untungnya ga hujan,negative
Wed May 28 13:21:11 +0000 2025,@piyesj jir samaaa. senen-tn abang pun chaos. sampe gue turun pesen gojek gada yg pickup2 mana buru2 ngejer jam krl untung bgt ada satpam baik nyariin gojek pinggir2 jalan yg mau ngangkut gue tanpa aplikasi HUHU,negative
Wed May 28 12:58:11 +0000 2025,Pagi tadi berangkat kerja pakai KRL di teruskan naik Gojek sampai kantor. Masyaallah di aplikasi bapaknya udah kerja 9 5 tahun. Lebih dari 27 ribu trip ditempuh sama beliau. Saya bertahan karena ngga punya pilihan lain juga bang cerita bapak dengan tetap tersenyum.,positive
Wed May 28 11:12:24 +0000 2025,Nunggu gojek hampir 1 jam menjelang sampai eh dicancel sama driver. Atau jangan2 gangguan aplikasi?,negative
Wed May 28 08:55:18 +0000 2025,Pelanggaran Batas Potongan Aplikasi Salah satu isu utama yang diangkat adalah dugaan pelanggaran terhadap Kepmenhub KP No. 1001 Tahun 2022 yang menetapkan batas maksimal potongan aplikasi sebesar 20 persen. #arahangin #tvri #ojol #driver #gojek #grab #aplikator https://t.co/m2SzesI9LG,neutral
Wed May 28 06:11:38 +0000 2025,Cara pakai: 1.Buka aplikasi Gojek 2.Masuk ke menu Promosi 3.Masukin kodenya 4.Klik Redeem dan promo langsung aktif! Buruan Klaim Kode Promonya!! keburu habis,neutral
Wed May 28 05:17:27 +0000 2025,Silahkan untuk REPOST POSTINGAN INI KE STORY IG lalu MENTION @bnifinance.id &amp; DM/Message kami: * Bukti Screenshot FOLLOW ALL SOSMED BNI FINANCE &amp; REPOST STORY IG * Nama Lengkap * No Telepon yg terdaftar pada aplikasi Gojek/OVO (Jangan lupa untuk memberikan keterangan OVO/GOPAY),neutral
Wed May 28 04:25:53 +0000 2025,@tlawodbs__ @gojekindonesia @gojekindonesia driver gojek lainnya udh bantuin buat lapor dan urus urus tp dri aplikasi gojeknya gada pilihan buat laporin sexual harassment,negative
Wed May 28 00:46:20 +0000 2025,Ini sekarang gojek kalau mau ngajuin keluhan ke mana ya? @gojekindonesia sosmednya udah ngga ngebalas keluhan soalnya mau ajuin tiket manual di aplikasi gojek harus ada transaksi dulu padahal aku udah topup gopay 150rb ga ada yang masuk ke wallet.,negative
Tue May 27 23:45:03 +0000 2025,@CommuterLine min cara top up KMT via aplikasi gojek tuh gimana ya? saya mau nyoba tp di gojek nya gada pilihan top up KMT,neutral
Tue May 27 22:41:14 +0000 2025,Dukung SMA Kolombo dalam School Creative Hub ya dan dapatkan voucher diskon menarik khusus daerah Jogja melalui aplikasi Gojek dengan gunakan kode promo SMAKOLOMBOJOG Khusus go-ride atau go-food ya dan berlaku hingga 30 Juni 2025 #gojek #kodepromo #schoolcreativehubgojek https://t.co/UJzcF07hPx,neutral
Tue May 27 15:19:49 +0000 2025,Alternatif Web Aplikasi Transportasi Gojek untuk Komunitas Lokal https://t.co/CqmozGSvx0,neutral
Tue May 27 12:34:01 +0000 2025,@ohaewow Ada yang namanya aplikasi Gojek.,neutral
Tue May 27 10:34:00 +0000 2025,@gojekindonesia @gopayindonesia Saldo saya kok ga nambah setelah top up ini ada riwayat transaksi nya loh nambah di aplikasi gojek nya tapi saldo ga nambah kasian kucing saya sampe kesel gini nungguin mau beli makan https://t.co/ozDijno4Jm,negative
Tue May 27 07:46:31 +0000 2025,beliin temen gue kue ulangtahun lewat gojek tp kelupaan pencet bayar pake gopay anjir mana abangnya gada chat apa apa samsek cuma sesuai aplikasi ya kak jadi temen gue bayar sendiri yaAllah ‍‍‍,neutral
Tue May 27 02:00:06 +0000 2025,@iamalordyeaa GoPay dan Go-Pay merujuk pada layanan dompet digital yang sama dari Gojek di Indonesia digunakan untuk transaksi di aplikasi Gojek dan merchant. Tidak ada perbedaan fungsional antara keduanya. Sumber resmi seperti situs Gojek dan GoPay selalu menggunakan GoPay tanpa tanda,neutral
Tue May 27 00:55:04 +0000 2025,fix apa gue apus aja ya aplikasi gojek itu demi kewarasan https://t.co/CgR1Hin8C1,negative
Mon May 26 19:12:43 +0000 2025,Drama malam ini - baru landing jam 9 malem langsung lembur deadline sampe jam 12 malem - naik bis terakhir dari bandara ke Depok - terdampar di Margonda gegara ga ada gojek yang mau nganter ke Tajurhalang - deal sama abang gojek di luar aplikasi harganya gua naikin https://t.co/pTpa2mvGVU,neutral
Mon May 26 14:26:56 +0000 2025,@undipmfs Iya gojek makin kesini makin kesana. Apa harus ganti aplikasi ya yg lebih ramah di kantong :(,negative
Mon May 26 14:01:28 +0000 2025,Halo gaisss ada yang mau barter kuisioner? kriteriaku pernah menggunakan aplikasi gojek. Kalau mau barter boleh rep atau DM langsung ya,neutral
Mon May 26 12:52:29 +0000 2025,@gofoodindonesia Hai @gofoodindonesia aku sudah buka Aplikasi Gojek dan Cek DiGoFood PESTA KULINER ‍️ jawabannya: Banting Harga Jadi didalamnya itu ada menu-menu best pilihan yang lagi banting harga dan wajib banget dicoba @whymeeast @haniyybisa @wida_nica93 #PestaKulinerGoFood ️ https://t.co/VekqrQbkcn,neutral
Mon May 26 07:59:40 +0000 2025,@3Le4N012 Itu krn kesalahan yg dibikin gojek sendiri tujuannya biar pada tau itu potongan isinya apa aja akhirnya diganti tuh bahasa yg tadinya gojek deposit jadi by layanan+aplikasi Akhirnya duarrrrr malah rancu,negative
Mon May 26 07:34:09 +0000 2025,@sunffleea pernah dimintai uang buat ongkos. ngakunya abis jalan dari RS sampai ke lokasi kami ketemu itu. lumayan jauh. terus karena kasian tapi mau jaga2 jadinya kutawari order gojek. alamat ibu mana? sambil buka aplikasi uang aja lah. yaudah.,neutral
Mon May 26 02:57:22 +0000 2025,selalu nyari excuses biar bisa kemana2 sendiri lebih milih naik gojek drpd dianter jemput sama aki skrg ak benci liat aplikasi gojek,negative
Mon May 26 01:25:20 +0000 2025,@strawberrieds Download aja aplikasi gopay nya. Bukan gojek nanti klik aja bagian promo game. Klaim2 dulu biasanya pengguna baru banyak tuh promonya,positive
Sun May 25 19:49:39 +0000 2025,Setelah ada gojek semua berubah. Gua pulang nyantai. Dari sekolah ke rumah cuma 12ribu (jaraknya sekitar 8 km). Sejak itu gua selalu pakai gojek dan gak pernah ganti ke aplikasi lain.,positive
Sun May 25 18:21:59 +0000 2025,terpaksa menggunakan grab ketika gojek lagi maintenance gojek menurut saya lebih bagus dari tampilan beda jauh grab nih lucu dan aneh bisa bisanya ada Ad app language udah diganti Indonesia masih ada englishnya aplikasi banyak kekurangannya nih grab menurutku,positive
Sun May 25 17:22:30 +0000 2025,Cara Atasi Kendala Top Up Pulsa Tri: 1. Cek saldo rekening &amp; pastikan cukup 2. Restart HP coba top up ulang 3. Coba top up di aplikasi berbeda (misal Gojek Dana atau Shopee) 4. Hubungi CS @3careindonesia melalui WA Semoga berhasil!,neutral
Sun May 25 14:21:58 +0000 2025,@ardisatriawan Gimana kalau ada BUMN yg bikin aplikasi kayak Gojek atau Grab. BUMN tsb gak usah cari keuntungan banyak yang penting bisa kasih pekerjaan warganya sebagai driver ojol dgn ketentuan yg manusiawi dan menguntungkan driver.,neutral
Sun May 25 12:11:56 +0000 2025,Ada apakah dengan aplikasi gojek di jam 23.30 sampai di jam 05.30,neutral
Sun May 25 08:46:47 +0000 2025,dikira bikin aplikasi ojek sesimple jadi doang anying ? belum maintenance server belum bayar API google maps belum lagi server harus jalan 24/7 mana mau bikin tanpa potongan lagi. makanya kan gojek keuangannya minus mulu karna banyak pengeluaran tpi sering didemo kasian wkwk https://t.co/cTii5jcNE6,neutral
Sun May 25 05:21:41 +0000 2025,Kalau driver Bluebird yang juga menggunakan aplikasi itu statusnya karyawan kenapa driver Gojek dan Grab statusnya mitra?,neutral
Sun May 25 00:34:51 +0000 2025,1. hampir naik eskalator turun di LRT 2. tapcash ilang ga nyadar 3. nyasar cari pintu keluar malah balik ke pintu masuk 4. malah mau naik gojek punya orang 5. mau aja lg dianterin gojek tanpa aplikasi untung ga diculik.. sumpah kyknya gua gabisa pergi sendiri untuk sementara,neutral
Sun May 25 00:10:41 +0000 2025,@Pip1902 @papanberjalan Adegan berbahaya aplikasi gojek backend nya ...ahh,negative
Sat May 24 19:03:08 +0000 2025,@masbuled Naik krl bisa pake emoney dr bank mandiri brizi dr BRI tapcash dari BNI flazz dari BCA. Dan juga bisa pake aplikasi gojek namanya Go-Transit. Fitur go transit akan muncul apabila ada di area yg ada stasiun KRL. Klo msh di Karawang ga ada. Tp lbh enak pake kartu emoney sih,neutral
Sat May 24 15:49:23 +0000 2025,@kompascom Seharusnya ini masalah internal bisnis karena ojek itu mitra dari aplikasi gojek bmc nya gitu wkwkwk. Meminta pemerintah intervensi karena rakyat kecil seharusnya bisa di sampaikan secara internal karena gojek itu bisnis sektor swasta.,neutral
Sat May 24 14:27:06 +0000 2025,Wahai Driver Ojol Grab dan Gojek di Seluruh RI Ada Kabar Baik Buat Anda Semua Wajib Tahu Simak! Sumber: - https://t.co/MVKEFvSo99 https://t.co/8TLcDxx5Xy Dibagikan melalui Aplikasi Google,neutral
Sat May 24 10:26:52 +0000 2025,@__MRaZ @gojekindonesia Kasih feedback langsung di aplikasi buruk/kurang baik &gt;&gt; penjemputan terlalu jauh.,negative
Sat May 24 09:05:45 +0000 2025,@hoonieeaJJ Selamat sore QRIS Tap saat ini belum bisa digunakan sebagai tiket commuter line ya kak alternatif bisa unduh aplikasi c-acces/access by KAI/Gojek (Gotransit) untuk pembelian tiket via scan QR code ya tks.,neutral
Sat May 24 05:26:19 +0000 2025,ok but aplikasi gojek masuk di dynamic island sangat ngebantu,positive
Sat May 24 02:18:18 +0000 2025,Mau makan enak dan murah? GoFood solusinya Buruan cek aplikasi gojek kalian sekarang dan borong pas tanggal 26 Mei jam 8 pagi 2 siang dan 8 malam! Diskon up to 70% loh . Tunggu apalagi? Cek buruan menu favorit kalian sekarang! Karena gofood lagi ngadain Brand Day. #brandday https://t.co/cQz5ZWKoA2,neutral
Sat May 24 00:27:21 +0000 2025,@MRifaiTamam @kompascom Cara nya adalah user aplikasi itu harus berkurang drastis klo perlu ga ada yg pake lagi atau muncul aplikasi bru yg smua driver pindah kesitu yg ngebuat user app grab/gojek hilang. Pasti ntar d turunin entah promo entah % ptongan berkurang.. Tp itu ga akn mgkin atau susah,neutral
Fri May 23 04:14:06 +0000 2025,@tunaable Kalo dari cisauk mau gojek/gocar juga sabi andaikan antrian intermoda bis terlalu DUAR DUARR. Jaraknya gak nyampe 7km kalo di map. Masih terjangkau laa (tetep dari aplikasi yaa kalo langsung ntar digetok),positive
Fri May 23 04:13:06 +0000 2025,udh lama ga pake gojek trs td kaget pas mau mesen malah keluar kode bukan lgsg dpet drivernya ini w suru nyamperin drivermya?? aplikasi kocak,negative
Fri May 23 02:03:59 +0000 2025,@DharmaZyn @solehudien30 @kompascom Kalau jawaban saya mungkin karena promo yang dilempar belum lagi potongan. saya kalau pakai gojek itu bayarnya cash nah kadang ada promo gitu dan biaya menjalankan server aplikasi itu gak murah ~,neutral
Fri May 23 00:47:07 +0000 2025,@OH_hhhayou @tsaaaahhhhh @zeexcellent aku tadi coba bisa ka download aplikasi gopay (bukan gojek) klo blm punya,neutral
Thu May 22 16:58:00 +0000 2025,@vic_hasiholan @PerkututPutih @kompascom ya kan tinggal mereka keluar dan bikin aplikasi sendiri kenapa masih ada di gojek atau grab kalo merasa mampu bikinlah jangan omdo doang,neutral
Thu May 22 16:37:56 +0000 2025,@NenkMonica Dari pada 217 T kebanyakan jd nasi basi mending bikin aplikasi spt gojek yg dikelola oleh pemerintah biar orangtuanya dpt duit utk anak2nya bisa makan bergizi sekeluarga drpd aplikator swasta meres keringat rakyat dgn potongan gila2an ditambah banyaknya phk dan pengangguran.,neutral
Thu May 22 15:53:29 +0000 2025,@kompascom Susah sistem nya sih.. Ojol nyerap bnyak tenaga kerja tp mreka adalah perushaan aplikasi bukan transportasi.. Mreka bkan mempekerjakan ojol tp anggap driver sbgai mitra yg pake app mreka shingga bukan karyawan gojek/grab tp mitra.. Susah nya disana.. ga akan bs slesai.....,neutral
Thu May 22 14:53:07 +0000 2025,@BosPurwa Ribet ya. pemerintah aja buat aplikasi ojol biar tau untung ruginya juga biar rakyat terbantu. Gojek aja skrg msh merugi belum pernah untung dari awal. Aplikator jg salah normalisasi harga murah dari awal lewat promo dll. Asumsi rakyat harga murah padahal bakar duit..wkwk,neutral
Thu May 22 11:37:09 +0000 2025,@kompascom Customer dimntain tmbah biaya² aplikasi dsb.. driver krna potong diluar biaya tmbahn itu... Yg jelas gojek sdh dpt 20% dri uang driver. Yg perlu dtnyakan &amp; diaudit adalah biaya² tmbahn itu uh dibebankan pelanggan. Krna yg disnilah bsa tmban cuan gojeknya jdi bkan 20% lgi dri awal,negative
Thu May 22 10:48:47 +0000 2025,@Heraloebss Aplikasi ijo itu apa? Gojek? Grabfood? Asli gak paham.,neutral
Thu May 22 09:53:30 +0000 2025,Ojol Ditolong Ditodong Aplikasi https://t.co/I0CZauooth Tech bro itu gw perhatikan pada ngga ngerti masalah orisinalitas. Ketauan dari glorifikasi AI. Skrg dari tingkah app Gojek Grab dsb. keliatan tech bro ini pada ga ngerti urusan potongan upah yg manusiawi.,negative
Thu May 22 08:25:21 +0000 2025,@kimmyexp ini harus di aplikasi gopay? gak ada di aplikasi gojek?,neutral
Thu May 22 08:03:59 +0000 2025,@kompascom dari dulu kubilang yg masih ada aplikasi gojek (consumen) di hp nya itu orang kaya,neutral
Thu May 22 07:08:05 +0000 2025,@kompascom mereka pengusaha pak bukan dermawan gak mungkin disuruh omsetnya UMR buat mereka Pemerintah harus bikin aplikasi gojek sendiri dong,neutral
Thu May 22 07:01:54 +0000 2025,@chiakipx Grab dan gojek merger gak ada yang kehilangan pekerjaan. kecuali cuma orang kantornya yg berkurang... Drivernya tetap sama... Hahaha.... Asal elu tau ya kedua aplikasi ini pemilik sahamnya ada di Singapore...,neutral
Thu May 22 05:16:19 +0000 2025,Dan aplikasi seperti gojek+tokopedia jika mampu mengolah data dan membuat efisien itu sangat-sangat bagus. Apalagi ada bantuan dari tiktok. Sayangnya....sayangnya kelihatan mikir cuman jangka pendek dan agak rakus,negative
Wed May 21 10:35:46 +0000 2025,Nmr laporan 1925113114921869362 Terjadi lagi sistem @ShopeeID dan sistem kurir instan @gojekindonesia super jelek ‍ Pesanan di sistem Shopee belum kepickup tapi di aplikasi Gojek udah kepickup.,negative
Wed May 21 10:09:14 +0000 2025,@BosPurwa DUKUNG PEMERINTAH BIKIN APLIKASI SEPERTI GOJEK DLL DENGAN POTONGAN 0 - 5% SAJA DARI PADA RAKYAT JADI SAPI PERAH APLIKATOR SWASTA DGN POTONGAN GILA2AN SEHUBUNGAN PEMERINTAH BELUM BISA MEMBUKA 19 JUTA LAPANGAN KERJA. INSHA ALLAH KEMISKINAN MENURUN DRASTIS 300RB/HARI RAKYAT DPT,negative
Wed May 21 09:42:55 +0000 2025,@FPKSDPRRI PKS JIKA MAU MENANG PEMILU 2029 BIKINLAH APLIKASI SEPERTI GOJEK DLL UTK RAKYAT INDONESIA DENGAN POTONGAN CUKUP 5% SAJA DARI PADA RAKYAT JADI SAPI PERAH APLIKATOR SWASTA DGN POTONGAN GILA2AN SAMPAI 40-60% SEHUBUNGAN TINGGI NYA ANGKA PENGANGGURAN SAAT INI OJEKIN=OJEK INDONESIA,negative
Wed May 21 09:40:25 +0000 2025,Ikuti tantangan #PastiAdaJalan! 1. Masukkan kode PASTIADAJALAN di aplikasi Gojek 2. Dapatkan kode unikmu 3. Ajak teman-temanmu untuk menggunakan kode unik tersebut saat bertransaksi di Gojek 4. Kumpulkan poin sebanyak-banyaknya! https://t.co/p1EnacTddl,neutral
Wed May 21 09:19:59 +0000 2025,DESAK PEMERINTAH BIKIN APLIKASI SEPERTI GOJEK DENGAN POTONGAN 0 - 5% DARI PADA RAKYAT JADI SAPI PERAH APLIKATOR SWASTA DGN POTONGAN GILA2AN SEHUBUNGAN PEMERINTAH BELUM BISA MEMBUKA 19 JUTA LAPANGAN KERJA. DIJAMIN PRABOWO 2 PERIODE KL INI JADI.,neutral
Wed Jul 02 16:49:47 +0000 2025,@sosejeropa Bikin aplikasi gojek tanpa fee,neutral
Wed Jul 02 14:48:21 +0000 2025,eh gojek knp sih gak bisa ngasih tips dari aplikasi tapi bayarnya pake debit langsung?? KEKK??? GUE MAU NGASIH TIPS TAPI GUE CASHLESS DAN GUE MALES ISI GOPAY,negative
Wed Jul 02 14:00:14 +0000 2025,@unesa_fess ada tapi ga terlalu bisa diandalkan jujurly ada kaya gojek tp buatan anak unesa namanya nesaride lebih murah dikit dr aplikasi pake itu aja,negative
Wed Jul 02 13:46:35 +0000 2025,Gojek menyatakan tengah mengkaji dampak usulan kenaikan tarif ojol hingga 15% bersama Kementerian Perhubungan termasuk usulan pemotongan biaya aplikasi sebesar 10% agar tetap menguntungkan pengemudi tanpa memberatkan penumpang. Simak selengkapnya: https://t.co/srzPh4bYcL https://t.co/RfUpdphuzi,neutral
Wed Jul 02 13:45:04 +0000 2025,@kacamataasoyy @PartaiSocmed 40 persen mungkin anda ikut promo. Coba dicek lagi . Gojek 20% plus biaya aplikasi 1000,neutral
Wed Jul 02 13:43:52 +0000 2025,@PartaiSocmed Biaya aplikasi gojek 2000 untuk pembeli dan 1000 penjual. Lalu shoppe Biaya aplikasi 5000 untuk pembeli saja. Kadang bingung kok aplikator mash belum mendaptkan keuntungan. Aneh banget dwetnya habis.,neutral
Wed Jul 02 13:41:52 +0000 2025,@PartaiSocmed Ni tum Simple nya gini. Kita di potong fee 20% setelah itu dibpotong 1000 biaya aplikasi. Knp setiap harusnya cukuo di ambil fee saja 20% tambah di potong apliksi. Pembeli san penjual di mintain biaya aplikasi. Gojek fee 20 % plus 1000 Shoppe 25% untuk yang daftar apkikas baru https://t.co/Ec0TqSTR2w,neutral
Wed Jul 02 13:30:33 +0000 2025,@munvess Gak Nder w gak bisa nyetir soalnya sayang aplikasi Gojek dan Transjakarta aja tanpa mereka gue gak bisa ke mana-mana.,positive
Wed Jul 02 11:38:58 +0000 2025,@kwetiaux @_rulayy @astromenggs Bisaa pake aplikasi gopay sendiri bukan lewat gojek,neutral
Wed Jul 02 10:14:32 +0000 2025,@Djeantjook @cak_agoest @BiLLRaY2019 logika aja maxim inidriver dll muncul kapan? dia lakuin iklan bakar duit diawal sebesar aplikasi pioneer gak? aplikasi baru mah enak gausah promosi macem2 seperti yg udah dilakuin gojek grab. lagian kalo emang lebih untung maksim kenapa masih pada pake grab dan gojek? pindah aja,neutral
Wed Jul 02 10:10:29 +0000 2025,@tanyakanrl sindir aja nder kek klo ada yg di gofood in ama pacarnya km. taro sw tapi khusus yg liat dia doang spam aja kek gitu wkwkwk hrsnya nyadar si aku klo ngode ke cowoku kek gtuu tpi ga pernah minta gofood karena dia buka aplikasi gojek aja ga ngerti,neutral
Wed Jul 02 09:18:11 +0000 2025,sesuai dengan nilai harga bayar auto debit yang gagal dari GoPay. bagong banget dah nih GoPay dan Google Play Store. yang aplikasi GoPay saja sudah drama banget fitur dan aksesnya bahkan driver GoRide juga pernah mengeluhkan phone lag karena wajib instal aplikasi GoJek Driver,negative
Wed Jul 02 06:44:40 +0000 2025,Ini kenapa ya min @gojekindonesia @gopayindonesia aku login aplikasi GoPay/GoJek malah keluar notif aplikasi ini perlu pembaruan cepat padahal aplikasi udah ak update ke versi terbaru. Udah coba install ulang juga tetep gabisa https://t.co/PGzYHVzglv,negative
Wed Jul 02 06:10:55 +0000 2025,@Zigewinne Oalah ini Gopay yang Gopay aplikasinya berarti ya bukan bawaan dari aplikasi Gojek... Makasih btw Zion!,neutral
Wed Jul 02 05:57:30 +0000 2025,Gw aja baru pertama kemaren ngrasain naik krl di jkt. Cukup ribet krna di aplikasi KAI cuma bisa beli tiket buat 1 orang. Sedangkan gw ada anak. Jadi harus instal gojek harus instal gopay aduhh kebanyakan aplikasi. Padahal harusnya cukup pake KAI access aja loh,neutral
Wed Jul 02 04:33:23 +0000 2025,jujur gw gamasalah kalo pesen gojek dapet motor apapun tp nih masalahnya ga sesuai di aplikasi dan pijakannya meletet beteeee bangetttt️️️️️️️ orang nya juga ga ngomong kalo motor nya bedaa,negative
Wed Jul 02 02:20:28 +0000 2025,kalau grab drivernya kelihatan di lock screen kalau di gojek harus buka aplikasi dan merhatiin terus,neutral
Wed Jul 02 00:25:51 +0000 2025,@decaffevinated @appajeong Kalo liat dipostingan richeese ini ga bisa dibeli lewat aplikasi gojek atau grab kak harus beli sendiri take away/dine in,neutral
Tue Jul 01 16:35:04 +0000 2025,@eytherimpact Selamat malam Kak. Apabila yang dimaksud Qris Tap saat ini belum bisa digunakan sebagai tiket Commuter Line ya kak alternatif bisa unduh aplikasi c-acces/access by KAI/Gojek (Gotransit) untuk pembelian tiket via scan QR code ya Kak. Tks.,neutral
Tue Jul 01 15:10:11 +0000 2025,@daahgedee @maslov___ Betul tapi harus yg pake aplikasi gopay ya (bukan gojek) karna pernah temen hanya pake aplikasi gojek ga ketahuan berapa nominalnya.,neutral
Tue Jul 01 14:57:27 +0000 2025,@baker_abubu bilang siapa njir aplikasi gojek gw ga bunyi,neutral
Tue Jul 01 13:31:45 +0000 2025,halo @gopayindonesia kok saat membuka kamera untuk scan layar menghitam bahkan dari aplikasi gojek juga begitu padahal setting kamera sudah diizinkan untuk gopay dan gojek mohon bantu ya kaa https://t.co/3QPVzbsrqp,neutral
Tue Jul 01 12:06:10 +0000 2025,jog aplikasi pinjaman yg bunga nya rendah apa ya? selain gojek dan sopi,neutral
Tue Jul 01 11:13:09 +0000 2025,Driver Gojek-Grab Cs Tolak Kenaikan Tarif Ojol Desak Potongan Aplikasi jadi 10% https://t.co/xRQ3O0x9Pz,neutral
Tue Jul 01 09:52:26 +0000 2025,@HAFIZH__22 @astromenggs ada yg baru pis di aplikasi gojek katanya,neutral
Tue Jul 01 09:37:22 +0000 2025,@Mdy_Asmara1701 lebih setuju potongan aplikator yang dikurangi. driver Gojek/Grab ketika dapat penumpang 1-4km. penumpang bayar 15ribu drivernya cuma terima 10ribu ( dikurangi potongan komisi biaya layanan biaya aplikasi),negative
Tue Jul 01 08:47:42 +0000 2025,@shashadangaram @txtFromRoblox Aku pernah transaksi google play kaak masih dapet ituu Kakaknya punya aplikasi gopay atau gojek??,neutral
Tue Jul 01 08:34:45 +0000 2025,@tigiRED @gojekindonesia @tigiRED Sore Kak. Maaf kendalanya hanya saat akses aplikasi Gojek aja? Yuk DM nomor HP tanggal kejadian lokasi (kel kec kota) sama kalo ada 2 nomor lain yang ngalamin hal sama biar langsung kita cek. -Joan,neutral
Tue Jul 01 07:53:38 +0000 2025,@astromenggs Bisa pakai aplikasi gopay guys. Gopay ya bukan gojek,neutral
Tue Jul 01 07:22:48 +0000 2025,@dandanrapi iya aplikasi ewallet-nya si GoPay ️ bukan app gojek,neutral
Tue Jul 01 07:19:13 +0000 2025,@astromenggs pake aplikasi gopay aja kak easy to use hihi gopay ya bukan gojek,neutral
Tue Jul 01 07:04:47 +0000 2025,@sawrcandies Selamat siang Kak. Perjalanan Commuter Line Yogyakarta pembelian dapat dilayani melalui aplikasi Gojek (menu GoTransit) pembayaran dengan Gopay maksimal bisa untuk 4 orang ya Kak. Tks.,neutral
Tue Jul 01 05:13:17 +0000 2025,@jiyulie Ini harus donlod aplikasi terpisah atau ada di dalam gojek?,neutral
Tue Jul 01 03:13:50 +0000 2025,gaperlu app transjakarta buat liat rute google maps cukup buat liat rute. pakai aplikasi gojek bisa untuk menggantikan app tj or kue (kartu uang elektronik) there s always a learning curve and you re not required to be a pro at it,neutral
Mon Jun 30 19:27:36 +0000 2025,Ini sebenernya yg bikin males mau naik transport harus ganti aplikasi TJ pakai TJ: Transjakarta MRT ganti ke MyMRTj Mau naik KRL/KAI harus pakai Gojek/KAI Access Belom top up saldo aplikasi payment providernya beda semua Emang sih ada App Jaklingko tp g user friendly,neutral
Mon Jun 30 18:59:49 +0000 2025,@betalabh333 @beeeemooooo KRL Commuter Line bisa pake aplikasi gojek kok coba cari menu go transit nanti ada opsi buat tiket KRL. Tinggal pilih stasiun keberangkatan sama stasiun tujuan aja abis itu bayar pake gopay nanti kalo udah ada barcode buat masuk sama keluar stasiun,neutral
Mon Jun 30 13:10:25 +0000 2025,Kalian yang pake @Telkomsel ngerasa internet nya makin lemot ga sih? Kuota dan pulsa ada tapi lemotnya kebangetan. Kendalanya kl di jalan mau ngecek aplikasi chat gojek dan browsing pun jadi gabisa.. Rekomen dong provider yang oke buat dipake di area jkt-dpk https://t.co/Ps7u38buzl,neutral
Mon Jun 30 12:33:15 +0000 2025,@zbyapp @unicelounge lalamove tuh apa kak? aplikasi semacem gojek kah?,neutral
Tue Jun 24 08:55:39 +0000 2025,ini ak beli 2 karna buat orang rumah juga. ayamnya tuh jumbo bgt juicy lagi bumbunya meresap ENAKK . coba cek deh aplikasi kalian sp tau dapet promo https://t.co/I5cFYNGcsB,neutral
Tue Jun 24 07:33:31 +0000 2025,Young K aslinya dua aplikasi jaketnya kalo dibalik jadi jaket gojek https://t.co/LQZe5L3vkl,neutral
Tue Jun 24 05:00:00 +0000 2025,Sudah siap pulang ke Tanah Air setelah full ibadah di Tanah Suci? Menunggu jadwal kepulangan #IniWaktunyaKita isi ulang paket TRI Ibadah 7GB/12 hari agar bisa terus berkomunikasi dengan keluarga! Paket roaming #TriLebihHematSinyalCepat ini bisa kamu beli di aplikasi Gojek https://t.co/UgZttjhWP4,neutral
Tue Jun 24 02:58:35 +0000 2025,@cherlxxxx_ maaaff bgt ya kak mau viral atau engga si oren ini hampir sama kayak gojek dia backingannya orang2 sawah pemerintahan jg jadi better pindah aplikasi aja. Ya begitulah hidup di indonesia raya ini,neutral
Tue Jun 24 01:59:37 +0000 2025,Pihak TurnbackHoax telah memeriksa informasi tersebut. Faktanya terdapat unggahan resmi dari https://t.co/4p6WVd1A7e bahwa Gopay tidak pernah menerbitkan kartu fisik dan semua layanan Gopay hanya dapat diakses melalui aplikasi Gojek atau Gopay,neutral
Tue Jun 24 00:59:27 +0000 2025,Halo @PT_Transjakarta terima kasih sudah membuat aplikasi ini. Kamu membuat mood bagus pagi ini. Tidak ada lagi merasa hopeless yang kalo bus ga datang2 aku terpaksa naik gojek~~ Jam 7.21 diperkirakan 10 menit lagi Jam 7.27 udah datang https://t.co/EXGrKjd62r,positive
Mon Jun 23 22:56:29 +0000 2025,@its_Rosalin Dah coba aplikasi gojek ?,neutral
Mon Jun 23 18:38:06 +0000 2025,@gstinandjs @gojekindonesia Selamat pagi Kak. perjalanan Commuter Line Yogyakarta pembelian dapat dilayani melalui aplikasi Gojek (menu GoTransit) pembayaran dengan Gopay maksimal bisa untuk 4 orang ya Kak. Tks,neutral
Mon Jun 23 16:04:53 +0000 2025,@suka_cuddle Ada. Tinggal pesen di aplikasi gojek,neutral
Mon Jun 23 13:44:43 +0000 2025,Kalian kalo driver gojek/grab food nganter makan terus di chat nanya lagi nomor/alamat rumah biasanya dijawab ga? Soalnya di aplikasi udah jelas banget tertera kan gw mikir ngapain nanya lagi. Udah gitu pada biasa yang lain nganter fine2 aja ga masalah.,negative
Mon Jun 23 11:11:13 +0000 2025,apa gue apus aja ya ini aplikasi grab sama gojek biar ga dikit-dikit order grabfood/gofood terus :)),positive
Mon Jun 23 08:09:43 +0000 2025,ADA YANG TAU CARA LAPORIN ORDERAN FIKTIF APLIKASI @gojekindonesia ???? Kronologi: Driver gojek datang ke rumah bilang dapet orderan buat anter anggota keluargaku ke kota sebelah. Keluargaku gaada yg merasa pesen gojek dan karena kita semua cewe setelah konfirmasi ke driver,neutral
Mon Jun 23 07:46:36 +0000 2025,@chcocupcake Selamat siang Kak. Untuk perjalanan Commuter Line Yogyakarta-Palur PP silakan dapat menggunakan pembayaran Gopay pada fitur GoTransit di aplikasi Gojek dan aplikasi Access by KAI/C-Access ya. Tks.,neutral
Mon Jun 23 07:41:15 +0000 2025,@vazoo5 Selamat siang Kak. Untuk tiket berjenis kartu seperti Kartu Multi Trip (KMT) Kartu Bank (E-Money Flazz Brizzi TapCash) 1 tiket hanya untuk 1 orang kami sarankan bisa menggunakan aplikasi C-access/Gojek (GoTransit) 1 ponsel bisa untuk 4 orang ya. Tks.,neutral
Mon Jun 23 07:32:25 +0000 2025,gojek menghilangkan tampilan detail potongan di aplikasi driver biar ga di protes mulu kali ya,negative
Mon Jun 23 06:00:07 +0000 2025,Tabe yang dipangkep Tidak adakah itu gojek atau aplikasi pesan makan dipangkep kodong Info ta dule,neutral
Mon Jun 23 02:09:38 +0000 2025,@heijul912 Kak saran gw kalo lu dikondisi begini pake aplikasi ojol lain aja dulu misal gojek. Biarin aja gaada yang cancel ampe dia yang cancel duluan. Yang rugi dia sedangkan kamu sampe tujuan deh. Afternya report aja ke CS Grab,positive
Mon Jun 23 00:25:33 +0000 2025,Cara ngaduin ini ke Gojek gimana yak? Soalnya gw ga pernah transaksi gede di aplikasi ini. Annoying banget tiap hari dapet notif gini. https://t.co/UzGDo1Ueni,negative